{
  "nodes": [
    { "id": 1, "label": "九尾狐", "group": "核心", "image": "images/fox.png" },
    { "id": 2, "label": "先秦", "group": "先秦" },
    { "id": 3, "label": "汉代", "group": "汉代" },
    { "id": 4, "label": "魏晋", "group": "魏晋" },
    { "id": 5, "label": "唐宋", "group": "唐宋" },
    { "id": 6, "label": "元明清", "group": "元明清" },
    
    { "id": 7, "label": "大禹", "group": "先秦" },
    { "id": 8, "label": "女娇", "group": "先秦" },
    { "id": 9, "label": "夏启", "group": "先秦" },
    { "id": 10, "label": "姬昌", "group": "先秦" },
    
    { "id": 11, "label": "（约公元前21世纪），姒姓，夏后⽒，名⽂命，史称夏禹、帝禹或⼤禹，是上古时期夏后⽒⾸领、夏朝开国君王，⻩帝的⽞孙、颛顼的后代。其⽗鲧因治⽔失败被舜处死后，禹受命继续治⽔，成功后被舜禅让为部落联盟⾸领，最终建⽴中国历史上第⼀个世袭王朝——夏朝。", "group": "先秦" },
    { "id": 12, "label": "《吴越春秋》记载治水时途经涂山，遇九尾狐，与涂山氏女娇成婚。被视为“王之证”，最终成为夏朝开国君主。", "group": "先秦" },
    
    { "id": 13, "label": "涂山氏是中国上古时期神话传说中大禹的妻子及其所属氏族，涂山氏之女名“女娇”（或“女娲”）最早见于《尚书·皋陶谟》和《楚辞·天问》", "group": "先秦" },
    { "id": 14, "label": "与大禹", "group": "先秦" },
    
    { "id": 15, "label": "启作为大禹与涂山女娇之子，其出生与九尾狐图腾密切相关。", "group": "先秦" },
    { "id": 16, "label": "启的诞生标志着夏朝世袭制的确立，九尾狐的祥瑞属性被用于强化夏王权的神圣性", "group": "先秦" },
    { "id": 17, "label": "《山海经》记载夏启“乘两龙”登天，获《九辩》《九歌》乐谱，象征其沟通天地的神性。此传说被解读为巫觋文化的体现，或为祭天仪式的神话化表达", "group": "先秦" },
    
    { "id": 18, "label": "（前1152年—前1056年），姓姬名昌，商末周族领袖，受商封为⻄伯（⻄⽅诸侯之⻓），周朝奠基者，其⼦周武王灭商后追尊其为周⽂王。", "group": "先秦" },
    
    { "id": 19, "label": "禹三⼗未娶，⾏到涂⼭，恐时之暮，失其制度，乃辞云：“吾娶也，必有应矣。”乃有九尾⽩狐，造于禹。禹⽈：“⽩者，吾之服也。其九尾者，王之证也。涂⼭之歌⽈：‘绥绥⽩狐，九尾庬庬。我家嘉夷，来宾为王。成家成室，我造彼昌。天⼈之际，于兹则⾏。’明矣哉！”", "group": "先秦" },

    { "id": 20, "label": "涂山氏是东夷强大部落，联姻不仅助力大禹治水，还使其获得皋陶等重臣的支持，为夏朝建立奠定基础。大禹两次诸侯会盟（涂山与会稽山）中，首次选址涂山即是对妻族的报答，联姻涂山氏使大禹获得东夷部落支持，巩固了治水与建国的政治基础，史称“夏之兴也以涂山”。", "group": "先秦" },
    { "id": 21, "label": "涂山民谣“绥绥白狐，九尾庞庞，成于家室，我都攸昌”", "group": "先秦" },
    { "id": 22, "label": "涂山氏以九尾狐为图腾", "group": "先秦" },
    
    { "id": 23, "label": "与大禹在涂山（今安徽蚌埠怀远县）联姻，生夏朝第二位君主启", "group": "先秦" },
    { "id": 24, "label": "《吕氏春秋·音初篇》记载涂山氏创作中国最早的情诗“候人兮猗”，表达对治水未归的大禹的思念，被视为“南音之始”", "group": "先秦" },
    { "id": 25, "label": "东汉《吴越春秋》记载大禹因九尾白狐现身的吉兆娶涂山女娇，开启九尾狐与涂山氏的符号结合", "group": "先秦" },
    { "id": 26, "label": "《汉书·武帝纪》引《淮南子》载：“禹跳石，误中鼓，涂山氏往，见禹方作熊，惭而去……石破北方而启生。”", "group": "先秦" },
    
    { "id": 27, "label": "女娇被塑造为“贤妻良母”的典范：她设计轮休制度缓解劳工思乡之情，展现智慧；又以化石牺牲成全大禹事业，成为“奉献”的象征。后世文学（如《诗经》）常以她为原型，强化“忠贞等候”的女性形象", "group": "先秦" },
    { "id": 28, "label": "今安徽蚌埠怀远县涂山有启母石（望夫石）及涂山氏祖庙，成为纪念女娇的地标", "group": "先秦" },
    
    { "id": 29, "label": "嵩山南麓的汉代石阙，铭刻女娇事迹，体现汉代对其母性神格的崇拜", "group": "先秦" },
    
    { "id": 30, "label": "大禹婚后四日即离家治水，女娇追随至工地，因目睹大禹化为黑熊开山而惊恐奔逃，最终在嵩山下化为巨石。石裂生启，象征母权向父权的过渡", "group": "先秦" },
    
    { "id": 31, "label": "《史记》记载“禹娶涂山，生启”", "group": "先秦" },
    { "id": 32, "label": "其名“启”源于石破而生，暗含“开启新时代”的寓意", "group": "先秦" },
    
    { "id": 33, "label": "在《封神演义》中，九尾狐附身妲己的契机与姬昌的策略密切相关。当商纣王命苏护献女妲己时，苏护因不满起兵反抗，但最终在姬昌的劝降下妥协。姬昌表面上建议苏护献女以平息战乱，实则预知妲己将被九尾狐取代，借此推动商朝内乱。", "group": "先秦" },
    
    { "id": 34, "label": "“天命⽂王，以九尾狐。”", "group": "先秦" },
    { "id": 35, "label": "“昔⽂王应九尾狐，⽽东夷归周。”", "group": "先秦" },
    { "id": 36, "label": "“⽂王下吕，九尾⾒。”", "group": "先秦" },

    
    
    { "id": 37, "label": "西王母", "group": "汉代" },
    { "id": 38, "label": "三⾜乌", "group": "汉代" },

    { "id": 39, "label": "汉代人追求长生不死，相信神仙的存在。在汉代墓葬建造中，人们利用线条构建出长生不死的仙界。 在汉画像艺术和文化中，表现这种长生不死思想主要 有三种表达方式：求食仙药、崇拜西王母、借助神兽的特殊神性等外界帮助引领升仙。传说中，不死药就掌握在西王母手中，玉兔、蟾蜍则是西王母负责捣药的部众。九尾狐、羽人等形象则可以作为接引使者。 因此，西王母图像体系成为了汉画像中的经典图样。", "group": "汉代" }, 
    { "id": 40, "label": "⾦乌，⼜称三⾜乌、三⾜⾦乌、三⻘⻦、⾚乌、⽇乌、踆乌、阳乌、三⾜、三趾等，是中国古代神话中的形象。汉代画像中，三足乌常与西王母相伴，为其取食或传递信息，取代了早期“三青鸟”的地位。", "group": "汉代" },

  
    { "id": 41, "label": "⻄王⺟⼜称“王⺟”、“⾦⺟”、“瑶池⽼⺟”、“瑶池⾦⺟”、“⻄池⾦⺟”、“仙⺟”、“阿⺟”、“⻳⼭⾦⺟”、“⻳台⾦⺟”、“⾦⺟元君”、“王⺟娘娘”等。⻄王⺟形象经历了从半⼈半兽、形象狰狞、掌瘟疫刑杀之神到握有⻓⽣不死药的吉神、天界⼥仙之⾸，再到化育万物的创世⼥神的多次转变。", "group": "汉代" },
    { "id": 42, "label": "汉代画像中，九尾狐常与玉兔、三足乌并列于西王母座旁，象征祥瑞与子孙繁盛。九尾狐在此阶段兼具神性与瑞兽特质，与西王母共同构成汉代长生信仰的核心意象", "group": "汉代" },

    
    
    { "id": 43, "label": "士人", "group": "魏晋" }, 
    { "id": 44, "label": "僧人", "group": "魏晋" },
    
    { "id": 45, "label": "西晋沛国郡士兵王灵孝被九尾狐妖“阿紫”迷惑，藏身狐穴，后被救出，但心智已失。", "group": "魏晋" }, 
    { "id": 46, "label": "张华在《博物志》中记载识破燕昭王墓前千年狐妖的故事，并用法术将其驱逐。", "group": "魏晋" }, 
    { "id": 47, "label": "西域高僧佛图澄在后赵传教时，民间传说其以佛法镇压九尾狐妖。", "group": "魏晋" },
    
    { "id": 48, "label": "东晋干宝《搜神记》卷十八：“狐者，先古之淫妇也，名曰阿紫……化为狐，故其怪多自称阿紫。”", "group": "魏晋" },
    { "id": 49, "label": "首次将九尾狐与“淫妇”形象绑定，标志其从祥瑞转向魅惑的转折点。", "group": "魏晋" },
    
    { "id": 50, "label": "《搜神记》卷十八：“张华见斑狐所化书生，燃千年华表木识破其真身。”", "group": "魏晋" },
    { "id": 51, "label": "反映士族阶层对异类的排斥，知识（如华表木）成为对抗妖邪的工具。", "group": "魏晋" },

    { "id": 52, "label": "《高僧传》卷一：“澄以咒术驱胡地妖狐，民皆归信。”", "group": "魏晋" },
    { "id": 53, "label": "佛教将九尾狐与“贪欲”关联，借其形象传播因果报应思想。", "group": "魏晋" },



    { "id": 54, "label": "陈彭年", "group": "唐宋" }, 
    { "id": 55, "label": "官妓", "group": "唐宋" },
    
    { "id": 56, "label": "字永年，抚州南城（今江西南城）人，北宋著名学者、政治家，以博学多才著称陈彭年仕途显赫，但争议不断，被时人称为“九尾狐”", "group": "唐宋" }, 
    { "id": 57, "label": "北宋赵令畤《侯鲭录》“钱唐一官妓，性善媚惑人，号曰九尾野狐。”", "group": "唐宋" }, 
    
    { "id": 58, "label": "“彭年敏给强记，好仪制刑名之学，素奸陶，号九尾狐。”", "group": "唐宋" },
    { "id": 59, "label": "北宋田况《儒林公议》称其“时人目为九尾狐，言其非国祥而媚惑多歧也”", "group": "唐宋" },
    { "id": 60, "label": "宋代青楼文化兴盛，九尾狐被用来隐喻青楼女子的魅惑特质，成为道德批判的符号", "group": "唐宋" },
    
    { "id": 61, "label": "首次将九尾狐与男性权臣的“奸诈媚惑”绑定", "group": "唐宋" },


    
    { "id": 62, "label": "《西游记》", "group": "元明清" },
    { "id": 63, "label": "《封神演义》", "group": "元明清" },
    { "id": 64, "label": "《郁离子·九尾狐》", "group": "元明清" }, 
    
    { "id": 65, "label": "金角、银角大王", "group": "元明清" },
    { "id": 66, "label": "狐阿七大王", "group": "元明清" },
    
    { "id": 67, "label": "女娲", "group": "元明清" },
    { "id": 68, "label": "妲己", "group": "元明清" },
    { "id": 69, "label": "轩辕坟三妖", "group": "元明清" },

    { "id": 70, "label": "九尾狐（苏妲己）", "group": "元明清" },
    { "id": 71, "label": "九头雉鸡精（胡喜媚）", "group": "元明清" },
    { "id": 72, "label": "玉石琵琶精（王贵人）", "group": "元明清" },
    
    { "id": 73, "label": "老狈", "group": "元明清" }, 
    { "id": 74, "label": "群狐", "group": "元明清" }, 
    { "id": 75, "label": "猎人", "group": "元明清" }, 
    { "id": 76, "label": "天帝", "group": "元明清" }, 
    
    { "id": 77, "label": "九尾狐被二妖尊为干娘，但因实力较弱，更多是名义上的关系。二妖从太上老君处偷带的法宝（紫金红葫芦、玉净瓶等）并未交予她，仅借用了她的幌金绳。", "group": "元明清" },
    { "id": 78, "label": "在原著中，九尾狐是压龙山压龙洞的妖王，其弟狐阿七大王被称为“老舅爷”，这一称谓明确指向两人为姐弟关系。狐阿七得知姐姐九尾狐被杀后，率妖兵与金角大王联手对抗孙悟空", "group": "元明清" },
    
    { "id": 79, "label": "九尾狐原是奉女娲之命下凡，以美色迷惑纣王，加速殷商灭亡。女娲因纣王在女娲庙题写淫诗而震怒，遂派遣轩辕坟三妖（九尾狐、九头雉鸡精、玉石琵琶精）执行此任务。", "group": "元明清" },
    { "id": 88, "label": "九尾狐在任务中滥杀无辜、祸乱朝纲，远超女娲授意范围。最终女娲以“违背天意”为由，放弃庇护三妖，导致其被姜子牙斩杀", "group": "元明清" },
    { "id": 80, "label": "商纣王妃妲己在《封神演义》中被塑造为九尾狐化身，代表“女祸”与魅惑，通过魅惑纣王、残害忠良（如比干挖心、姜皇后之死），加速商朝崩溃成为九尾狐负面形象的典型，小说融合民间传说与道教思想，将九尾狐纳入“天命转移”的叙事框架，强化其妖异属性。", "group": "元明清" },
    
    { "id": 81, "label": "三妖之首，主导祸乱朝纲，最终被姜子牙以斩仙飞刀处决。", "group": "元明清" },
    { "id": 82, "label": "化身妃嫔，与妲己共同蛊惑纣王，结局被西周将士斩杀。", "group": "元明清" },
    { "id": 83, "label": "修炼千年的玉石琵琶成精，曾被姜子牙识破真身并用三昧真火焚烧，后复活继续作乱，最终被韦护斩首。", "group": "元明清" },

    { "id": 84, "label": "一只智慧的老兽，对九尾狐的行为提出警告。它指出髑髅的本质是“腥秽无知”的枯骨，戴之亵渎神明，必招致天谴。老狈的劝诫代表了理性与道德的声音，试图阻止九尾狐的狂妄之举。", "group": "元明清" },
    { "id": 85, "label": "九尾狐利用自身的影响力，召集九州湖泽的狐狸聚集于共工台，并带领它们模仿人类舞蹈。这些狐狸象征着盲目追随权威的群体，缺乏独立判断力。", "group": "元明清" },
    { "id": 86, "label": "在九尾狐未抵达阏伯之墟前，猎人联合行动，以弩箭射杀戴髑髅的九尾狐，并焚烧其尸首。猎人的行为代表天道的惩罚，呼应老狈的预言。", "group": "元明清" },
    { "id": 87, "label": "九尾狐试图通过邪术“徼福于上帝”，但因其使用污秽之物（髑髅）亵渎神明，最终触怒天帝。这一关系凸显了“鬼神好馨香而悦明德”的传统观念，强调道德洁净的重要性。", "group": "元明清" }

    
  ],
  "edges": [
    { "from": 1, "to": 2, "label": "朝代" },
    { "from": 1, "to": 3, "label": "朝代" },
    { "from": 1, "to": 4, "label": "朝代" },
    { "from": 1, "to": 5, "label": "朝代" },
    { "from": 1, "to": 6, "label": "朝代" },
    
    { "from": 2, "to": 7, "label": "相关人物" },
    { "from": 2, "to": 8, "label": "相关人物" },
    { "from": 2, "to": 9, "label": "相关人物" },
    { "from": 2, "to": 10, "label": "相关人物" },
    
    { "from": 7, "to": 11, "label": "身份介绍" },
    { "from": 7, "to": 12, "label": "相关记载" },
    
    { "from": 8, "to": 13, "label": "身份介绍" },
    { "from": 8, "to": 14, "label": "相关人物" },
    
    { "from": 9, "to": 15, "label": "身份介绍" },
    { "from": 9, "to": 16, "label": "标志与象征" },
    { "from": 9, "to": 17, "label": "相关记载" },

    { "from": 10, "to": 18, "label": "身份介绍" },
    
    { "from": 12, "to": 19, "label": "原文记载" },
    
    { "from": 13, "to": 20, "label": "氏族介绍" },
    { "from": 13, "to": 21, "label": "相关记载" },
    { "from": 13, "to": 22, "label": "代表与象征" },
    
    { "from": 14, "to": 23, "label": "关系事件" },
    { "from": 14, "to": 24, "label": "相关记载" },
    { "from": 14, "to": 25, "label": "标志与象征" },
    { "from": 14, "to": 26, "label": "相关记载" },
    
    { "from": 23, "to": 27, "label": "人物形象" },
    { "from": 23, "to": 28, "label": "地理位置" },
    
    { "from": 15, "to": 31, "label": "相关记载" },
    { "from": 15, "to": 32, "label": "代表与象征" },
    
    { "from": 26, "to": 30, "label": "相关记载" },
    
    { "from": 18, "to": 33, "label": "代表与象征" },
    
    { "from": 33, "to": 34, "label": "相关记载" },
    { "from": 33, "to": 35, "label": "相关记载" },  
    { "from": 33, "to": 36, "label": "相关记载" },
    
    { "from": 28, "to": 29, "label": "代表与象征" },


    { "from": 3, "to": 37, "label": "相关人物" },
    { "from": 3, "to": 38, "label": "相关神兽" },
    
    { "from": 37, "to": 39, "label": "身份介绍" },
    { "from": 38, "to": 40, "label": "身份介绍" },
    
    { "from": 39, "to": 41, "label": "相关记载" },
    { "from": 39, "to": 42, "label": "标志与象征" },



  
    { "from": 4, "to": 43, "label": "相关人物" },
    { "from": 4, "to": 44, "label": "相关人物" },
    
    { "from": 43, "to": 45, "label": "相关事件" },
    { "from": 43, "to": 46, "label": "相关事件" }, 
    
    { "from": 44, "to": 47, "label": "相关事件" },
    
    { "from": 45, "to": 48, "label": "相关记载" },
    { "from": 45, "to": 49, "label": "代表与象征" },
    
    { "from": 46, "to": 50, "label": "相关记载" },
    { "from": 46, "to": 51, "label": "代表与象征" },  
    
    { "from": 47, "to": 52, "label": "相关记载" },
    { "from": 47, "to": 53, "label": "代表与象征" },


    { "from": 5, "to": 54, "label": "相关人物" },
    { "from": 5, "to": 55, "label": "相关人物" },
    
    { "from": 54, "to": 56, "label": "人物介绍" },
    { "from": 55, "to": 57, "label": "人物介绍" }, 
    
    { "from": 56, "to": 58, "label": "相关记载" },
    { "from": 56, "to": 59, "label": "相关记载" },
    
    { "from": 57, "to": 60, "label": "代表与象征" },
    
    { "from": 59, "to": 61, "label": "代表与象征" },



    
    { "from": 6, "to": 62, "label": "相关书籍" },
    { "from": 6, "to": 63, "label": "相关书籍" },  
    { "from": 6, "to": 64, "label": "相关书籍" },  
    
    { "from": 62, "to": 65, "label": "相关人物" },  
    { "from": 62, "to": 66, "label": "相关人物" },  
    
    { "from": 63, "to": 67, "label": "相关人物" },  
    { "from": 63, "to": 68, "label": "相关人物" },  
    { "from": 63, "to": 69, "label": "相关人物" },
    
    { "from": 69, "to": 70, "label": "相关人物" },  
    { "from": 69, "to": 71, "label": "相关人物" },  
    { "from": 69, "to": 72, "label": "相关人物" }, 
    
    { "from": 64, "to": 73, "label": "相关人物" },  
    { "from": 64, "to": 74, "label": "相关人物" },  
    { "from": 64, "to": 75, "label": "相关人物" },  
    { "from": 64, "to": 76, "label": "相关人物" },
    
    { "from": 65, "to": 77, "label": "相关记载" },  
    { "from": 66, "to": 78, "label": "相关记载" },  
    
    { "from": 67, "to": 79, "label": "相关记载" },  
    { "from": 67, "to": 88, "label": "相关记载" },  
    
    { "from": 68, "to": 80, "label": "代表与象征" },  
    
    { "from": 70, "to": 81, "label": "相关记载" },  
    { "from": 71, "to": 82, "label": "相关记载" },
    { "from": 72, "to": 83, "label": "相关记载" }, 
    
    { "from": 73, "to": 84, "label": "相关记载" },  
    { "from": 74, "to": 85, "label": "相关记载" },  
    { "from": 75, "to": 86, "label": "相关记载" },  
    { "from": 75, "to": 87, "label": "相关记载" }  
 
   
  ]
}