[
    {
        "dynasty": "战国时期",
        "source": "《逸周书·王会解》",
        "author": "西汉刘向（约公元前77年—公元前6年）是《逸周书》的正式编订者。\n他奉命校理皇家藏书时，将散佚的《周书》文献重新整理，最终定名为《逸周书》，并添加了注解和序言",
        "original_text": "麃麃者，若鹿，迅走，俞人虽马，青丘狐九尾，周头辉羝，辉羝者，羊也。黑齿白鹿白马。",
        "image_type": "普通兽类",
        "emotion": "中性",
        "background": NaN,
        "reference": NaN
    },
    {
        "dynasty": "战国时期至汉代初期",
        "source": "《山海经·东山经》",
        "author": "佚名",
        "original_text": "\t又南五百里，曰凫丽之山，其上多金玉，其下多箴石。有兽焉，其状如狐，而九尾、九首、虎爪，名曰蠪侄，其音如婴儿，是食人。",
        "image_type": "普通兽类",
        "emotion": "中性",
        "background": "同类相生”原理的顺势巫术和“吃神肉是一种顺势巫术”的理论，人们大都认为吃一个动物的肉，他就不仅获得了该动物的体质特性，而且获得了动物的道德和智力的特性。\n所以，如果认为某生物是有灵性的，我们简单的野蛮人自然希望吸收他的特性，同时也吸收他的灵性。\n巫靠巫术治病，一些动植物会被巫看作是灵验的药物。在《山海经》中记有大量药用动植物，九尾狐“食者不蛊”有可能是一种巫术。",
        "reference": "[1]陈慧琳.九尾狐的形象演变及汉画像中的九尾狐[J].魅力湖南,2024,(06):46-48.\n[2]何冲.汉魏六朝文献中的狐文化研究[D].西北师范大学,2022.DOI:10.27410/d.cnki.gxbfu.2022.002426. \n[4]傅军龙.九尾白狐与中国古代的祥瑞观[J].北方论丛,1997,(02):86-87.\n[5]戴璐.汉代艺术中的九尾狐形象研究[J].民族艺术,2013,(03):131-137.DOI:10.16564/j.cnki.1003-2568.2013.03.004.\n[6]丁山《中国古代宗教神话考》第299页，上海文艺出版社1988年影印本"
    },
    {
        "dynasty": "战国时期至汉代初期",
        "source": "《山海经·南山经》",
        "author": "佚名",
        "original_text": "又东三百里，曰青丘之山，其阳多玉，其阴多青䨼。有兽焉，其状如狐而九尾，其音如婴儿，能食人，食者不蛊。",
        "image_type": "普通兽类",
        "emotion": "中性",
        "background": NaN,
        "reference": NaN
    },
    {
        "dynasty": "战国时期至汉代初期",
        "source": "《山海经·大荒东经》",
        "author": "佚名",
        "original_text": "有青丘之国，有狐，九尾。",
        "image_type": "普通兽类",
        "emotion": "中性",
        "background": NaN,
        "reference": NaN
    },
    {
        "dynasty": "战国时期至汉代初期",
        "source": "《山海经·海外东经》",
        "author": "佚名",
        "original_text": "青丘国在其北，其狐四足九尾。一曰在朝阳北。",
        "image_type": "普通兽类",
        "emotion": "中性",
        "background": NaN,
        "reference": NaN
    },
    {
        "dynasty": "西汉",
        "source": "《开元占经》引《淮南子》",
        "author": "刘安（前179年-前122年），淮南国寿春（今安徽寿县）人，淮南王刘长之子，汉高祖刘邦之孙。西汉文学家、道学家、思想家。淮南八公山豆腐创始人。",
        "original_text": "“狐九尾者，九配得其所，子孙繁息，明后当旺也。”",
        "image_type": "祥瑞",
        "emotion": "积极",
        "background": "“九”在古代数字中有言其多之义。九尾狐作为生育之神，在汉代寓意多子多孙、后代昌盛吉祥。 ",
        "reference": NaN
    },
    {
        "dynasty": "西汉",
        "source": "《周易乾凿度》是中国西汉末纬书《易纬》中的一篇。又称《易纬乾凿度》，简称《乾凿度》。《乾凿度》融大易、数术于一体，是纬书中保存完好、哲学思想较为丰富的作品。",
        "author": "佚名",
        "original_text": "“文王下吕，九尾見。注：文王师吕尚，遂致九尾狐，瑞也。”",
        "image_type": "祥瑞",
        "emotion": "积极",
        "background": "汉代，九尾狐的出现是成就王业、明君在世的吉兆。传说夏禹得天下、夏帝抒征战获胜、周文王得东夷等，都出现过九尾狐之吉兆。",
        "reference": NaN
    },
    {
        "dynasty": "西汉",
        "source": "《四子讲德论》褒既为益州刺史王襄作中和乐职宣布之诗，又作传，名曰《四子讲德》，以明其意焉。",
        "author": "王褒（生卒年不详），字子渊，别号桐柏真人，蜀郡资中（今四川省资阳市雁江区昆仑乡墨池坝村）人。西汉时期辞赋家，与扬雄并称“渊云”。",
        "original_text": "昔文王应九尾狐，而东夷归周。",
        "image_type": "祥瑞",
        "emotion": "积极",
        "background": "汉代，九尾狐的出现是成就王业、明君在世的吉兆。传说夏禹得天下、夏帝抒征战获胜、周文王得东夷等，都出现过九尾狐之吉兆。",
        "reference": NaN
    },
    {
        "dynasty": "西汉末、东汉初",
        "source": "《春秋元命苞》该书假托经义宣扬符录瑞应，但内容庞杂宏富，涉及到天文、地理、历史、神话传说等各方面，卷帙浩繁，汉代（包括）以来传注类书引用极多，是谶纬之书中存留佚文最多的一种。",
        "author": "佚名",
        "original_text": "“天命文王，以九尾狐。”",
        "image_type": "祥瑞",
        "emotion": "积极",
        "background": "汉代，九尾狐的出现是成就王业、明君在世的吉兆。传说夏禹得天下、夏帝抒征战获胜、周文王得东夷等，都出现过九尾狐之吉兆。",
        "reference": NaN
    },
    {
        "dynasty": "西汉",
        "source": "《礼记》",
        "author": "据传为孔子的七十二弟子及其学生们所作，西汉礼学家戴圣所编",
        "original_text": "“狐死正首丘，仁也。”",
        "image_type": "祥瑞",
        "emotion": "积极",
        "background": "“瑞狐观”形成于汉代的符瑞文化，专为王朝的政治统治服务，主要流行于上层统治阶级中。上古“物占文化”在流传过程中，逐渐形成了一种征兆信仰，其中预示美好、吉祥意义的，便发展成为后世的“符瑞”思想。物占文化，包含吉兆和凶兆两种，而“符瑞”特指吉祥的征兆，本质上是以反映“帝王受命”为主题的一种巫术思想。邹衍对“阴阳五行”思想进行改造，以“五行相胜”来解释“朝代兴替”的学说，认为朝代更替来自天意，每一种“德”要兴起的时候，上天必然会把这种德（神力）的“祥瑞”显现出来，即“五德终始说”，使得“阴阳五行”思想为王朝政治服务。邹衍的这种思想，正是在“物占文化”的征兆信仰基础上，杂糅了对“阴阳五行”思想的新改造，而形成的“符瑞思想”。\n“物占”是最古老的一种占卜方式，它以“特殊物象”的出现，作为推测吉凶的依据，因为物象的出现不以人的意志为转移，所以人们只能被动地接受这种吉凶征兆。认为如果君王贤德，政治清明，上天一定会降下征兆。于是，后来九尾狐又成了君主有德的象征，甚至变成了战争胜利、改朝换代和政治清明的政治代名词。",
        "reference": NaN
    },
    {
        "dynasty": "东汉",
        "source": "《白虎通义》又称《白虎通》，为东汉统合今古文经义的一部著作。班固等据汉章帝建初四年（公元79年）白虎观会议经学辩论结果撰成。因所在白虎观而得名。《白虎通义》以阴阳、五行等阐述自然、社会、伦理、人生和日常生活的种种现象。",
        "author": "班固（公元32年～公元92年），字孟坚，扶风安陵（今陕西省咸阳市）人。东汉史学家、文学家，与司马迁并称“班马”。班彪之子，班超之兄。著有《汉书》《白虎通义》《两都赋》等。",
        "original_text": "“德至鸟兽则凤凰翔，鸾鸟舞，麒麟臻，白虎到，狐九尾，白雉降，白鹿见，白鸟下。狐九尾何？狐死首丘，不忘本也，明安不忘危也。必九尾者也？九妃得其所，子孙繁息也。于尾者何？明后当盛也。”",
        "image_type": "祥瑞",
        "emotion": "积极",
        "background": "“九”在古代数字中有言其多之义。九尾狐作为生育之神，在汉代寓意多子多孙、后代昌盛吉祥。 据禹娶涂山的神话演义出九尾狐象征子孙繁息之吉祥寓意。",
        "reference": NaN
    },
    {
        "dynasty": "东汉",
        "source": "《白虎通义》又称《白虎通》，为东汉统合今古文经义的一部著作。班固等据汉章帝建初四年（公元79年）白虎观会议经学辩论结果撰成。因所在白虎观而得名。《白虎通义》以阴阳、五行等阐述自然、社会、伦理、人生和日常生活的种种现象。",
        "author": "班固（公元32年～公元92年），字孟坚，扶风安陵（今陕西省咸阳市）人。东汉史学家、文学家，与司马迁并称“班马”。班彪之子，班超之兄。著有《汉书》《白虎通义》《两都赋》等。",
        "original_text": "“德至鸟兽，则九尾狐见。”",
        "image_type": "祥瑞",
        "emotion": "积极",
        "background": "九尾狐被视为祥瑞之兽，其出现往往预示着吉祥和好运，特别与君王的德政和国家的繁荣昌盛紧密相连。",
        "reference": NaN
    },
    {
        "dynasty": "东汉",
        "source": "《幽通赋》",
        "author": "班固（公元32年～公元92年），字孟坚，扶风安陵（今陕西省咸阳市）人。东汉史学家、文学家，与司马迁并称“班马”。班彪之子，班超之兄。著有《汉书》《白虎通义》《两都赋》等。",
        "original_text": "“散宜生至吴，得九尾狐，以献纣也。”",
        "image_type": "祥瑞（帝位）",
        "emotion": "积极",
        "background": "汉代九尾白狐为祥瑞之说全部出于宣扬‘天人合一’的谶纬之书。在汉代的九尾狐崇拜中，九尾之九隐含着阴阳气数思想，或者说正是九尾的特征，才引起汉代符命家们的注意，把九尾狐纳入瑞物系统。\n《元命包》云：‘尾九星,为后宫之场也。’张氏《正义》云‘尾九星，为后宫，亦为九子星。’\n那么，‘尾为九子’可能即是九尾狐。......将尾宿九颗星联系起来，这也与弓弧之形相似，所谓‘九尾狐’，可能是弓弧的语言之伪。......弧、尾、九尾狐、九子，这一贯的名词，只是求子的寓言。",
        "reference": NaN
    },
    {
        "dynasty": "东汉",
        "source": "《吴越春秋》是一部记述春秋战国时期吴、越两国史事为主的史学著作。著录于《隋书·经籍志》和《唐书·经籍志》，皆云赵晔撰，十二卷。然而今本只有十卷。",
        "author": "赵晔，生卒年待考，字长君，会稽山阴（浙江绍兴）人。东汉学者、史学家。",
        "original_text": "“禹三十未娶，行到涂山，恐时之暮，失其度制，乃辞云：‘吾娶也，必有应矣。’乃有白狐九尾造于禹。禹曰：‘白者，吾之服也；其九尾者，王之证也。’涂山之歌曰：‘绥绥白狐，九尾庞庞。我家嘉夷，来宾为王。成家成室，我造彼昌。天人之际，于兹则行。明矣哉！’禹因娶涂山，谓之女娇。”",
        "image_type": "祥瑞",
        "emotion": "积极",
        "background": "九尾狐具有王者之证，是王者统治天下的一种象征。\n",
        "reference": NaN
    },
    {
        "dynasty": "东汉",
        "source": "《东观汉记》是一部记载东汉历史的纪传体断代史巨著，书中记录了东汉从光武帝至灵帝一百余年的历史",
        "author": "班固（公元32年～公元92年），字孟坚，扶风安陵（今陕西省咸阳市）人。东汉史学家、文学家，与司马迁并称“班马”。班彪之子，班超之兄。著有《汉书》《白虎通义》《两都赋》等。陈宗、尹敏、孟异、刘珍、李尤、刘騊駼等",
        "original_text": "“章帝元和二年，风凰三十九、麒麟五十一、白虎二十九、黄龙四、青龙、黄鹄、鸾鸟、神马、神雀、九尾狐、三足乌、赤乌、白兔、白鹿、白燕、白鹊、甘露、嘉爪、柜衽、明珠、芝英、华萍、朱草、木连理实，日月不绝，载于史官，不可胜纪。”",
        "image_type": "祥瑞",
        "emotion": "积极",
        "background": "汉代画像中，九尾狐多与玉兔、蟾、三青鸟等祥瑞刻绘于西王母周围，以示其祥瑞之意。\n原始时期单一的图腾崇拜也会在历史的发展中逐渐与生殖崇拜紧密联系。狐的身型也十分符合古人的审美癖好——头小且呈三角形，后肢肥大、健壮，生育能力极强。古人便认为这“头小身肥”的动物象征着绵绵不绝的后福。对个人来说，晚年幸福比早年的幸运更重要；对家族来说，子孙繁盛、绵延不绝就是最好的后福。由此看来，狐本身的形象就具有吉祥的寓意。其中包含着生殖崇拜的意义。雌狐阴户临近尾根，所以兽类交配叫交尾。因而，这里显然存在着这样一种含义，尾多则阴户多，阴户多则多产子，结果是子孙昌茂，氏族兴旺。这里的九尾尽可理解为九阴（阴户），是女阴崇拜的曲折表现。图腾狐形象主要是作为氏族部落的符号而得到体现，涂山氏、纯狐氏、有苏氏等都被认为是以狐为图腾的部族。 这首讴歌禹娶涂山女之曲，是以九尾白狐来表达婚姻祝福的，九尾白狐也一直被当作是涂山氏的图腾兽。",
        "reference": NaN
    },
    {
        "dynasty": "汉",
        "source": "《春秋运斗枢》为谶纬类典籍，《春秋纬》十四种之一。亦名《春秋纬运斗枢》，宋均注。",
        "author": "佚名",
        "original_text": "“机星得，则狐九尾。”",
        "image_type": "祥瑞",
        "emotion": "积极",
        "background": "九尾狐的九尾象征子孙蕃息与星宿中的尾宿有关。",
        "reference": NaN
    },
    {
        "dynasty": "汉",
        "source": "《易纬是谋》该书在汉代谶纬学中占有重要地位，反映了当时人们对天命、占验的信仰和追求，是汉代思想文化的重要组成部分。",
        "author": "佚名",
        "original_text": "“皇观钩堂，考房斗能，帝视河洛纬，合谋，王察可错，一角九尾，众善入都。类隶浮耀，害类孳覇，維经象卒，明绝转移，渙螺之符。”",
        "image_type": "祥瑞",
        "emotion": "积极",
        "background": "汉代（尤其东汉）谶纬之学极盛，统治者通过祥瑞、灾异解释天命归属。",
        "reference": NaN
    },
    {
        "dynasty": "汉",
        "source": "《春秋潜潭巴》",
        "author": "佚名",
        "original_text": "白狐至，国民利",
        "image_type": "祥瑞",
        "emotion": "积极",
        "background": NaN,
        "reference": NaN
    },
    {
        "dynasty": "汉",
        "source": "《孝经援神契》纬书，有辑本，卷数各异。清赵在翰《七纬·孝经纬叙目》：“孝道神明，天人契合，援引众义，山藏海纳。”以为孝道之至，行乎阴阳，通乎神明，天人合契，援引众义，阐发微旨，故名《援神契》。此书原刊本以书禁而亡佚，现仅存后人辑佚本。",
        "author": "佚名",
        "original_text": "“德至鸟兽，则狐九尾。宋均注：‘王燕嘉宾，则狐九尾。’”",
        "image_type": "祥瑞",
        "emotion": "积极",
        "background": "九尾狐作为“王道昌盛”的符号，常见于纬书（如《孝经援神契》）中，用于论证政权正统性与未来兴隆的预言，特别与君王的德政和国家的繁荣昌盛紧密相连。",
        "reference": NaN
    },
    {
        "dynasty": "曹魏",
        "source": "《上九尾狐表》创作于曹丕称帝后（黄初年间）属于魏晋文学中的奏表类作品",
        "author": "曹植：字子建，沛国谯郡（今安徽亳州）人，三国时魏国著名的诗人、文学家曹操之子、曹丕之弟，生活于汉末魏初。",
        "original_text": "“黄初元年十一月二十三日于鄄城县北，见众狐数十首在后，大狐在中央，长七八尺，赤紫色，举头树尾，尾甚长大，林列有枝甚多。然后知九尾狐。斯诚圣王德政和气所应也。”",
        "image_type": "祥瑞",
        "emotion": "积极",
        "background": "曹魏初期，为显示曹丕称帝的“天命所归”，以九尾狐为代表的祥瑞之物纷纷出现。各方政治势力都企图以祥瑞来标榜其统治的合理和兴盛，各地为迎合统治者的意图也纷纷献瑞。\n魏晋南北朝时期，巫风弥漫，出现“万有神教”，人们受到巫术意识的影响，逐渐开始相信物老成精。\n魏晋时期\"图赞体\"盛行，图文互证是知识传播的重要形式。\n单从数量和频率上看，北魏瑞狐之见远远超过前此任何时期。其所以如此，应主要与拓跋部政权的汉化\n有关。拓跋部原为北方游牧部落，文化落后，辗转南迁过程中，不断汉化。孝文帝迁都洛阳后，厉行改革，推行彻底的汉化政策，全面接受中原文化，其中就包括先秦以来深入人心的祥瑞之说。翻检《魏书·灵征志》连篇累牍所记灾祥之事，孝文帝即位以前的内容很少，主要还是此后各代帝王在位期间的大小灾祥；至于瑞狐的\n记载，则自孝文帝始。这说明，北魏瑞狐文化的复苏与一时兴盛，究其实质，只是拓跋部接受中原文化、汉化\n程度日益加深的一个结果而已。\n频繁的献瑞活动在北周武帝时代被终结。周 武帝不是第一个看透九尾狐本质 的 人 ， 但 是是第一个有 勇 气 揭 露并推翻 九尾狐 的 人 ， 他从献瑞活动 中 清醒过来 。\n至此 ，九尾狐的祥瑞意 义逐渐消 失 ， 后世朝代 ， 无论是强盛还是弱小 ， 都不再寄希望于九尾狐身 上 。 \n重新大量出现的九尾狐是志怪小说的主角 ， 是淫邪的代表 。\n兴起于先秦，兴盛于两汉，衰歇于魏晋六朝，而又短暂复兴于北魏的瑞狐\n文化，至隋唐以后就退出历史舞台，终至销声匿迹，狐文化的空间中就只有妖狐文化一枝独秀了\n\n",
        "reference": "丁萌. 本体阐释、实体转换与文化消费——九尾狐的当代神话建构[J]. 长江大学学报(社会科学版), 2021, 44 (04): 13-19.\n赵静. 中国古代文学中“九尾狐”形象的嬗变[J]. 南京工业职业技术学院学报, 2012, 12 (03): 16-19.\n徐瑞. 中国古代九尾狐形象流变研究[D]. 导师：王小婷. 山东大学, 2020.\n许净瞳. 论古典文献中九尾狐形象之流变[J]. 中国海洋大学学报(社会科学版), 2011, (05): 124-128.\n王守亮. 唐前瑞狐文化的演变与兴衰[J]. 浙江海洋学院学报(人文科学版), 2013, 30 (01): 50-54.\n侯乃铭. 以文学发展的视角论狐狸文化符号的认知变迁[J]. 西部学刊, 2021, (05): 88-91.\n吴奕欣. 以“狐”为原型的角色资源库设计与应用开发研究[D]. 导师：徐振东. 浙江科技学院, 2023.\n张程. 九尾狐从祥瑞到妖异转变的思想内涵——以汉唐为中心的考察[J]. 湖北社会科学, 2017, (06): 125-129."
    },
    {
        "dynasty": "曹魏",
        "source": "《魏略》纪传体史书，记载曹魏历史",
        "author": "鱼豢：京兆（今陕西西安）人，曹魏郎中，史学家，忠于曹魏，未仕晋朝",
        "original_text": "“文帝受禅，九尾狐见于谯都。”",
        "image_type": "祥瑞",
        "emotion": "积极",
        "background": NaN,
        "reference": NaN
    },
    {
        "dynasty": "东晋",
        "source": "《山海经图赞》是东晋著名文学家郭璞为《山海经》所作的配图赞文，是连接图像、神话与文学的关键文本，既体现了魏晋\"图像证史\"的学术风气，又以诗性语言重构了上古神话的象征体系",
        "author": "郭璞：东晋文学家、训诂学家，精通卜筮与古文字",
        "original_text": "“青丘奇兽, 九尾之狐。有道祥见，出则衔书。作瑞于周，以标灵符。”",
        "image_type": "祥瑞（符瑞）",
        "emotion": "积极",
        "background": "符瑞、符命说是在天人感应的基础上提出的一种唯心主义天命观。它认为帝王和国家的兴衰是同某种祥瑞事物的出没联系在一起的。体现了天人感应的思想，认为自然界中的动植物和人类活动之间存在某种神秘的联系，这种联系可以预示未来的事件",
        "reference": NaN
    },
    {
        "dynasty": "东晋",
        "source": "注《山海经·大荒东经》",
        "author": "郭璞：东晋文学家、训诂学家，精通卜筮与古文字",
        "original_text": "郭璞注《山海经·大荒东经》“青丘国九尾狐”称:“太平则出而为瑞也。”",
        "image_type": "祥瑞",
        "emotion": "积极",
        "background": "《山海经·南山首经》:“青邱之山……有兽焉, 其状如狐而九尾, 其音如婴儿, 能食人, 食者不蛊。”郭璞注:“即九尾狐。”\n《海外东经》:“青邱国在其北, 其狐四足九尾。”\n郭璞注:“《汲郡竹书》曰:‘栢杼子征于东海, 及王寿, 得一狐九尾。’即此类也。”",
        "reference": NaN
    },
    {
        "dynasty": "东晋",
        "source": "《玄中记》",
        "author": "郭璞：东晋文学家、训诂学家，精通卜筮与古文字",
        "original_text": "“狐五十岁能变化为妇人，百岁为美女，为神巫，或为丈夫，与女人交接。能知千里以外事。善蛊魅，使人迷惑失智。千岁即与天通，为天狐。”",
        "image_type": "妖化",
        "emotion": "消极",
        "background": "狐狸由兽的形态变为人的形态，表明其妖化程度的加深。晋代郭璞《玄中记》提出了一套相当完整的狐化观点。关于狐狸的负面妖魔化\n形象最早的说法来源于先秦时期的《庄子》，而狐狸能够\n幻化为人的说法应是起源自东晋",
        "reference": NaN
    },
    {
        "dynasty": "东晋",
        "source": "《搜神记》以\"奇而不诞，怪而不妖\"的审美品格，构建了中国超自然叙事的经典范式。\n其价值不仅在于\"志怪\"表象，更在于透过荒诞情节折射出的汉晋社会实相。为中国小说史的活水源头，干宝开创的\"鬼之董狐\"传统，至今仍滋养着东方奇幻文学的创作。",
        "author": "干宝：字令升，东晋新蔡（今河南新蔡）人，生卒年约285-351年。历任著作郎、散骑常侍，领修国史，著有《晋纪》（已佚）\n因\"父婢复生\"\"兄气绝复苏\"等家族异事，笃信鬼神，遂作《搜神记》",
        "original_text": "“吴中有一书生，皓首，称狐博士，教授诸生。忽复不见。九月初九日，士人相与登山游观，闻讲书声。命仆寻之，见空冢中，群狐罗列，见人即走。老狐独不去，乃是皓首书生。”\n“千岁之狐，起为美女。”",
        "image_type": "妖化",
        "emotion": "中性",
        "background": NaN,
        "reference": NaN
    },
    {
        "dynasty": "东晋",
        "source": "《抱朴子》引文",
        "author": "葛洪：字稚川，自号抱朴子，丹阳句容（今江苏句容）人\n\n出身江南士族，叔祖葛玄为三国著名方士（道教灵宝派祖师）\n\n经历八王之乱后隐居罗浮山修道，兼通医学、炼丹术、哲学",
        "original_text": "“万物之老者，其精悉能假托人形，以眩惑人心，而常试人。”\n“狐狸豺狼，皆寿八百岁，满五百岁，则善变为人形。",
        "image_type": "妖化",
        "emotion": "消极",
        "background": "在魏晋六朝这样一个巫风弥漫、人们视一切东西都可成妖怪的社会里,人们的意识更容易与巫术意识相结合,从而产生大量的“物怪”故事",
        "reference": NaN
    },
    {
        "dynasty": "西晋",
        "source": "《 帝王世纪》一部记载上古至汉魏帝王世系的史书，成书于3世纪。该书系统梳理了三皇五帝至曹魏时期的帝王传承、重大历史事件及社会制度，补充了《史记》《汉书》未载的史料，具有重要的文献价值。",
        "author": "皇甫谧：字士安，号玄晏先生，安定朝那（今甘肃灵台）人，西晋著名医学家、史学家，另著有《针灸甲乙经》",
        "original_text": "离始纳涂山氏曰女祸 ，合婚于台桑 ，有白狐九尾之瑞至，是为攸女 ，故《 连山易 》 曰 ：“禹娶涂山之子 ，名曰攸女 ，生启是也 。” ",
        "image_type": "祥瑞",
        "emotion": "积极",
        "background": "西晋时期，谶纬之学盛行。\n皇甫谧广泛搜集经传、图纬、诸子杂说，整理上古帝王谱系",
        "reference": NaN
    },
    {
        "dynasty": "西晋（描绘魏）",
        "source": "《魏都赋》 全晋文 卷七十四、文选卷六。描绘了曹魏都城（邺城）的礼制活动与祥瑞景象，通过帝王巡狩、藉田大阅等仪式，展现魏国“德政化民，天人感应”的盛世图景。左思借赋体美化邺都，实为西晋政权追溯曹魏合法性的文学投射。\n\n九尾狐在三国时期尚未“妖化”，仍属《白虎通》定义的“王者不倾于色则至”的瑞兽",
        "author": "左思：字太冲，齐国临淄（今山东淄博）人，出身寒微（父左熹起于小吏），活动于西晋太康年间（280—289年），与陆机、潘岳并称\"太康文学三大家\"",
        "original_text": "“既苗既狩，爰游爰豫。藉田以礼动，大阅以义举。备法驾，理秋御。显文武之壮观，迈梁驺之所著。林不槎蘖，泽不伐夭。斧斨以时，罾𦉾以道。德连木理，仁挺芝草。皓兽为之育薮，丹鱼为之生沼。矞云翔龙，泽马亍阜。山图其石，川形其宝。莫黑匪乌，三趾而来仪。莫赤匪狐，九尾而自扰。嘉颖离合以䔿䔿，醴泉涌流而浩浩。显祯祥以曲成，固触物而兼造。盖亦明灵之所酬酢，休徵之所伟兆。”",
        "image_type": "祥瑞（帝位）",
        "emotion": "积极",
        "background": NaN,
        "reference": NaN
    },
    {
        "dynasty": "南朝",
        "source": "《宋书·符瑞志》南朝梁天监年间（502–519年），沈约受梁武帝萧衍之命编纂《宋书》。\n\n《符瑞志》是《宋书》的志书部分，记载祥瑞现象，用以论证帝王统治的合法性。",
        "author": "沈约：字休文，南朝梁吴兴武康（今浙江德清）人。南梁的开国功臣，大力帮助梁武帝萧衍即位，得封建昌县开国侯\n\n著名史学家、文学家，历仕宋、齐、梁三朝，主持编修《宋书》。",
        "original_text": "“魏文帝黄初元年十一月甲午，九尾狐见鄄城，又见谯。白鹿 ，王者明惠及下则至 。” （魏）\n“宋文帝元嘉二十年十二月，白熊见新安歙县 ，太守到元度以献。九尾狐，文王得之，东夷归焉 。”\n“高祖太和十年三月，冀州获九尾以献 。” \n“十一年十一月，冀州获九尾狐以献 。” \n“元象元年四月，光州献九尾狐。”",
        "image_type": "祥瑞（帝位）",
        "emotion": "积极",
        "background": NaN,
        "reference": NaN
    },
    {
        "dynasty": "南朝",
        "source": "《 瑞应图 》按祥瑞类型分为天瑞、地瑞、动物瑞、植物瑞、器物瑞、神仙瑞、文字瑞七大类，共130余种。原书配有祥瑞图像，如“白虎”“白兔”等，形成“左图右书”的编排方式",
        "author": "孙柔之，南朝梁（502—557年）学者，生平不详，主要活动于梁武帝时期。专精谶纬、符瑞之学，其《瑞应图》是南朝最重要的祥瑞文献之一",
        "original_text": "“王者不倾于色 ， 则九尾狐至 。”\n“王法修明 ，三才得所 ，九尾狐至 。” ",
        "image_type": "祥瑞（帝位）",
        "emotion": "积极",
        "background": "南朝梁武帝崇信佛教与谶纬，祥瑞文化盛行，官方常借符瑞论证政权合法性",
        "reference": NaN
    },
    {
        "dynasty": "南朝",
        "source": "《徐陵集校笺》徐陵诗文全集整理本，收录赋、诏、表、书、序等各体文章及诗歌",
        "author": "徐陵（507—583年），字孝穆，东海郯（今山东郯城）人\n南朝梁、陈两朝文学家、政治家，与庾信并称“徐庾体”代表",
        "original_text": "“白狼衔劍 ，有神人身虎首 ，献玉镜、白狐九尾 ，诸国贡玉盘 ，入自北门 ，遇女房 ，作《女房之歌》 。”",
        "image_type": "祥瑞（帝位）",
        "emotion": "积极",
        "background": "北魏和东魏时期的九尾狐主要出现在史书中 ，作为政治清明的象征 ，希望九尾狐的出现可以稳定民心 ， 巩固国家的 发展 。 值得注意 的一点 是 ， 在 东 魏 的 史书记载 中 ， 白 狐 的 地位 己 超过九尾狐 的地位 ， 在 出 现 的 数量 、 范 围 上都不 是九尾狐所能及 的 。 北齐 时 期 ， 白 狐 出 现 的 次数又 明 显 下 降 ， 但是 九尾狐依 然是祥瑞之物的 象 征 。纵观这些材料 ， 九尾狐 出 现 的 时 间 间 隔越来越 短 ， 有 的一个月 就会 出 现一两次 。 除 了 九尾狐 ， 白 狐甚至也 被 当 时 的 官 员 当 作 祥瑞之兆广 为传播 。 为 了 维护 统治 ， 得到 百姓 的 拥护 ， 地方 官 员 迎合上 心 ， 君 王也 急 需 证 明 自 己统治 的 合理性 ，所 以 在君王 的 默许下 ， 地方上 的 献瑞活动越来越多 ， 九尾狐 出 现 的 次数也大量增加 ， 成为 国 家人 心上 的一根稻 草 。\n",
        "reference": NaN
    },
    {
        "dynasty": "北朝",
        "source": "《魏书·灵征志》《灵征志》是记录灾祥吉凶的志文，分为上下两卷，上卷写灾异，下卷写祥瑞。上卷之中有地震山崩、大风大水等自然现象，也有飞蝗、金沴、牛祸、马祸等怪异现象。\n下卷之中有神龟、白狐、白鹿、三足乌等祥物，亦有甘露、嘉禾、连理等瑞景。\n北魏作为鲜卑族建立的政权，需借助祥瑞灾异论证统治合法性，《灵征志》即为此服务，融合了汉儒谶纬学说与北方民族信仰",
        "author": "魏收：北齐史学家，奉命编修《魏书》，后世因其褒贬失实，称其为“秽史”。但《灵征志》仍具重要史料价值",
        "original_text": "“高祖太和二年十一月 ， 徐州献黑狐。 周成王时 ，治致太平而黑狐见 。三年五月获白狐 ，王者仁智则至 。 六月抚冥获白狐以献 。 八年六月徐州获黑狐以献 。\n“十年三月,冀州获九尾狐以献。王者六合一统 则见。周文王时,东夷归之。曰，王者不倾于色则至德 至,鸟兽亦至。十一年十一月冀州获九尾狐以献 。 二十三年正月司州河州各献白狐狸。 十九年六月 ， 司州平阳郡获白狐以献。” \n“世宗景明三年二月 ，河州献白狐。” \n“永平三年十月 ，白狐见于汲郡 。” \n“延昌四年四月 ，兖州献白狐。九月 ，相州献白狐。闰月 ，汾州献白狐二 。”\n“肃宗正光二年三月 ，南青州献白狐。二三 年六月 ，平阳郡献白狐。八月 ，光州献九尾狐。四年五月 ， 平阳郡献白狐。” \n“孝静天平四年四月 ，西兖州献白狐 ，七月 ，光州献九尾狐。” \n“元象元年四月 ，光州献九尾狐。 二年二月 ，光州献九尾狐 。” \n“兴和三年五月 ，司州献九尾狐。 十二月 ， 魏郡献白狐。 四年四月 ，瀛州献白狐二 。” \n“武定元年七月 ，幽州获白狐以献上 。三年七月 ，瀛州献白狐二牡一牝 。九月 。西兖州献白狐。”",
        "image_type": "祥瑞（帝位）",
        "emotion": "积极",
        "background": "《魏书》中所记载的不同皇帝统治时期，九尾狐被当作祥瑞献与皇帝。证明九尾狐出现代表了当时北方统治集团拥有一统天下的权利,又解释这种瑞兽代表了当时王者德被天下、润及万物的成功统治",
        "reference": NaN
    },
    {
        "dynasty": "北朝",
        "source": "周兴嗣撰 ，［北朝］李暹注 ：《千字文古注》，敦煌本。",
        "author": "李暹：北朝时期的学者，据日本《日本国见在书目录》记载，他曾为《千字文》作注，其注本在唐代敦煌地区流传。\n敦煌写本P.2721《杂抄》提到“《千字文》钟繇撰，李暹注，周兴嗣次韵”，表明李暹注本在唐代童蒙教育中具有一定影响",
        "original_text": "李暹在 《 千字文 》“周发殷汤” 一条注 ：“ 一入朝歌 ， 捉得纣 ， 杀之 。 捉得妲 己 ， 付与召 公 ， 令杀 。 召公见其姿 容端正 ，一叹而百美 ， 不 忍 杀 之 。 留 经一宿 ， 太公谓召公 曰 ：‘ 纣之亡 国丧家 ， 皆由此女 ， 不杀之 ， 更待何时 ！’乃以碓判之 ， 即变作九尾狐狸 。” ",
        "image_type": "妖化",
        "emotion": "消极",
        "background": "明确指出妲己是九尾狐的化身。",
        "reference": NaN
    },
    {
        "dynasty": "北朝",
        "source": "《受禅登极赦詔》北齐天保元年（550年），高洋迫东魏孝静帝禅位，建立北齐政权时颁布\n\n与《魏书·孝静帝纪》《北齐书·文宣帝纪》记载相印证",
        "author": "邢子才：北朝\"三才\"之一（与魏收、温子昇齐名）\n\n时任中书令，主掌诏诰文书，此文代表北朝骈文最高成就",
        "original_text": "“始发晋阳、九尾呈祥”",
        "image_type": "祥瑞",
        "emotion": "积极",
        "background": NaN,
        "reference": NaN
    },
    {
        "dynasty": "北朝",
        "source": "《元龟1000卷》卷二十三《符瑞二》专记帝王祥瑞现象，通过天象、动植物异象等论证政权合法性，体现宋代“天命观”与谶纬传统。\n保存北魏至五代祥瑞细节，补充正史缺漏（如地方进献记录）",
        "author": "王钦若：字定国，谥号“文穆”。 主持编纂的宋代最大类书，1000卷，辑录上古至五代史事，为“宋四大书”之一",
        "original_text": "“北齐文宣帝以东魏武定八年五月受禅 ，是日 ，京师获赤雀献于南郊 ，又光州献九尾狐。”",
        "image_type": "祥瑞（帝位）",
        "emotion": "积极",
        "background": "该卷属于《册府元龟·帝王部·符瑞第二》，是北宋王钦若等人于大中祥符六年（1013年）编成的官方类书，旨在辑录历代君臣事迹，作为治国参考",
        "reference": NaN
    },
    {
        "dynasty": "隋朝",
        "source": "《历代三宝纪》成后即上于隋廷，文帝曾下令流通，自唐开元以后遂收入大藏经中。",
        "author": "费长房 ：隋代佛教学者",
        "original_text": "冀州送九尾狐，大赦。佛坐像形。五月，枳园寺沙门得三果，己巳。",
        "image_type": "祥瑞",
        "emotion": "积极",
        "background": "隋文帝杨坚以佛教巩固统治，大兴佛法，广建佛寺，并多次因祥瑞、佛事下诏大赦天下。",
        "reference": "识典古籍 https://www.shidianguji.com/library?page_from=searching_page\n中国哲学书电子化计划https://ctext.org/zhs          \n知识图谱 https://cnkgraph.com/Book        \n中华文库 https://www.zhonghuashu.com/\n刘锡诚.九尾狐的文化内涵(民俗文化杂俎之四)[J].民间文学论坛,1990,(06):26-28.  \n李炳海.从九尾狐到狐媚女妖——中国古代的狐图腾与狐意象[J].学术月刊,1993,(12):71-75+78.  \n李淼.从瑞兽到精怪——浅析九尾狐地位更迭的原因[J].文教资料,2011,(36):187-188.  \n赵静.中国古代文学中“九尾狐”形象的嬗变[J].南京工业职业技术学院学报,2012,12(03):16-19.  张程.九尾狐从祥瑞到妖异转变的思想内涵——以汉唐为中心的考察[J].湖北社会科学,2017,(06):125-129.  \n徐瑞.中国古代九尾狐形象流变研究[D].山东大学,2020. \n李洪周.浅析中国文学作品中九尾狐形象的起源与变迁[J].汉字文化,2021,(02):128-129.  "
    },
    {
        "dynasty": "唐（描绘北朝）",
        "source": "《 北齐书 》 唐贞观三年（629年）奉诏修史，十年（636年）成书，与《梁书》《陈书》《周书》《隋书》并称「五代史」",
        "author": "李百药：字重规，定州安平（今河北安平）人，历仕隋、唐，唐太宗时拜中书舍人，封安平县公",
        "original_text": "“（ 显祖文宣皇帝 ）天平地成 ， 率土咸茂 ，祯符显见 ，史不停笔 ，既连百木 ，兼呈九尾 ， 素过秦雀 ，苍比周鸟 ，此又王之功也 。” \n“（ 显祖文宣皇帝 ）九尾呈瑞 ， 外坛告天 ， 赤雇効祉 。 惟尔文武不二心之臣 ，股肱爪牙之将 ，左右先王 ， 克隆大业 ，永言诚节 ，共斯休祉 。 思与億始兹日 ，其大救天 下 。” ",
        "image_type": "祥瑞（帝位）",
        "emotion": "积极",
        "background": NaN,
        "reference": NaN
    },
    {
        "dynasty": "唐（描绘北朝）",
        "source": "《北史》为唐代史学家李延寿私修纪传体史书，合北魏、东魏、西魏、北齐、北周、隋六朝历史，共100卷。\n\n卷七《齐本纪中》专记北齐第二代至第四代皇帝（文宣帝高洋、废帝高殷、孝昭帝高演）史事。",
        "author": "李延寿：字号不详，籍贯相州（今河南安阳）。贞观年间任崇贤馆学士\n参与官修《晋书》《隋书》编纂，后转任符玺郎、兼修国史",
        "original_text": "“（ 显祖文宣皇帝 ）五月 ，辛亥 ，帝如邺 ，光州获九尾狐以献 。”\n“（ 显祖文宣皇帝十年 ）五月 ，帝赴东赴邺 ，令左右曰 ：‘异言者 ，斩 。’是月 ，光州献九尾狐。” 帝至邺城南，召入，并赍板策。\n“（ 高祖武皇帝 ，讳邕 ，字祢 ，罗突文帝第四子也 ）（ 六年 ） 甲子 ， 郑州获九尾狐 ， 皮肉销尽 ，骨体猶具 。帝曰 ：‘瑞应之来 ，必昭有德 ，若使五品时序 ，四海和平 ，家识孝慈 ，乃能致此 ，今无其时 ，恐非实录 。’乃令焚之。” ",
        "image_type": "祥瑞（帝位）",
        "emotion": "积极",
        "background": NaN,
        "reference": NaN
    },
    {
        "dynasty": "唐（描绘北朝）",
        "source": "《 周书 ·武帝本纪》贞观三年（629年），唐太宗诏修梁、陈、齐、周、隋五代史，令狐德棻主持编纂《周书》，贞观十年（636年）完成1。\n旨在补全北周历史，并强调李唐政权与北周（宇文氏）的继承关系",
        "author": "令狐德棻（583—666年），唐初史学家，宜州华原（今陕西耀县）人，出身关陇贵族，祖父令狐整为北周大将军。\n合作者：岑文本（负责史论）、崔仁师等",
        "original_text": "“（ 高祖武皇帝 ，讳邕 ，字祢 ，罗突太祖第四子也 ）丙午 ，省举辇 ，去百戏 。弘农上言九尾狐见 。” \n“武帝保定元年，九尾狐见。”\n“保定元年二月庚午，弘农上言九尾狐见。三年十二月丁酉，利州上言驺虞见。”\n“建德六年，献九尾狐。”\n“六年八月甲子，郑州献九尾狐，皮肉销尽，骨体犹具。帝曰：瑞应之来，必昭有德。若使五品时叙，四海和平，家识孝慈，人知礼让，乃能致此。”",
        "image_type": "祥瑞（帝位）",
        "emotion": "积极",
        "background": NaN,
        "reference": NaN
    },
    {
        "dynasty": "唐",
        "source": "《全唐文》卷二百七十五《田获三狐赋》。该书全称《钦定全唐文》，是清嘉庆年间官修唐五代文章总集。该作品共一千卷，并卷首四卷，辑有唐朝、五代十国文章共18488篇（一说20025篇）、作者3042人（一说3035人），每一位作者都附有小传。",
        "author": "李咸：唐代诗人，中宗时学士，官工部郎中",
        "original_text": "“嘻兹狐之无知，何虽兽而似智？当其七雄分势，遇楚相以申威；九尾来仪，感魏君而呈瑞。”",
        "image_type": "祥瑞",
        "emotion": "积极",
        "background": NaN,
        "reference": NaN
    },
    {
        "dynasty": "唐",
        "source": "《大唐开元占经》中国古代天文学著作，书中有关于天文星象和各种物异等多方面的大量占语。",
        "author": "瞿昙悉达：中国唐代的印度裔占星术者，瞿昙罗之子",
        "original_text": "黄初元年十一月二十三日，于甄城县北见众狐数十，首在后，大狐在中央，长七八尺，赤紫色，举头树尾，尾甚长大，林列有枝甚多，然后知九尾狐；斯诚圣王德政和气所应也。",
        "image_type": "祥瑞",
        "emotion": "积极",
        "background": NaN,
        "reference": NaN
    },
    {
        "dynasty": "唐",
        "source": "《史记正义》",
        "author": "张守节：唐代开元年间学者",
        "original_text": "秋田乎青丘(服虔云青丘国东海东三里郭云青/丘山名上有田亦有国出九尾狐在)(海/东)吞若云梦者八九其于胸中曾不蒂芥若乃俶傥瑰",
        "image_type": "祥瑞",
        "emotion": "积极",
        "background": NaN,
        "reference": NaN
    },
    {
        "dynasty": "唐",
        "source": "《唐六典》卷四。我国现有的最早的一部行政法典，亦是我国现存最早的一部会典，成书于开元二十六年（公元738年），所载官制源流自唐初至开元止。",
        "author": "张九龄：中国唐玄宗开元时的宰相、诗人",
        "original_text": "上瑞：“三角兽、狼、赤晨、赤熊、赤狡、赤兔、九尾狐、白狐、玄狐、白鹿、白摩、白兕、玄鹤、赤鸟、青鸟、三足乌、赤燕、赤雀、比目鱼、甘露、庙生祥木、福草、礼草、萍实、大贝、白玉赤文、紫玉、玉羊、玉龟、玉牟、玉英、玉璜、黄银、金藤、珊瑚钩、骇鸡犀、戴通、璧玉、琉璃、鸡趣璧之类，皆为上瑞” 。 ",
        "image_type": "祥瑞",
        "emotion": "积极",
        "background": "《唐六典》对历朝历代出现过的的祥瑞之物做了整理，并把它们分为大瑞、上瑞、中瑞、下瑞四大类。",
        "reference": NaN
    },
    {
        "dynasty": "唐",
        "source": "《酉阳杂俎》博物类笔记小说",
        "author": "段成式：中国唐代文学家、小说家",
        "original_text": "塲狐暴，刘遣吏生捕，日于毬塲纵犬逐之为乐，经年所杀百数。后获一疥狐，纵五六犬，皆不敢逐，狐亦不走。刘大异之，令访大将家猎狗及监军亦自夸巨犬，至皆弭耳环守之。狐良久缓迹，直上设厅，穿台盘，出厅后，及城墙，俄失所在。刘自是不复令捕。道术中有天狐别行法，言天狐九尾，金色，役于日月宫，有符有醮日，可洞达阴阳。",
        "image_type": "祥瑞",
        "emotion": "积极",
        "background": "在唐初，民间依旧有盛行狐神、天狐崇拜，这是因为在唐代，道教盛行，其修炼成仙的奇谈怪术深入人心，人们对狐仙有了一种近乎崇拜的心理，人们希望能够受到狐神的庇佑，并在此之上引申出了天狐的概念。唐代狐神崇拜，一项重要内容是天狐信仰和崇拜。天狐又称通天狐，是狐神中最具法力者。在唐小说中，九尾狐无疑是天狐中独特的一种。九尾狐是狐类中最具灵性者，服役于神秘的日月之宫，亦可通晓阴阳变化之道。此种神奇，非一般灵物可比。九尾天狐具有了神格的意义。",
        "reference": NaN
    },
    {
        "dynasty": "唐",
        "source": "《唐文粹》文粹卷第二。唐代诗文选本。100卷，收文1104篇，收诗961首。",
        "author": "【北宋】姚铉：北宋大臣、文学家、藏书家",
        "original_text": "诏虎臣兮殪天狐，载火旗兮耀昆吾，霁尘垒兮被戎都。",
        "image_type": "祥瑞（天狐）",
        "emotion": "积极",
        "background": NaN,
        "reference": NaN
    },
    {
        "dynasty": "唐",
        "source": "《礼斗威仪》该书讲帝王五德终始之运，五行五声与政教相配之礼，及日月星辰风物相感之征，以明天人感应之说。",
        "author": "【汉】汉代无名氏创作的谶纬类典籍",
        "original_text": "君乘火而王，其政讼平，南海输以文狐。尚书大传曰：文王拘羑里，散宜生之西海之滨，取白狐青翰献纣，纣大悦。翰，长毛也。六韬得青狐。班固幽通赋注曰：散宜生至吴，得九尾狐，以献纣也。",
        "image_type": "祥瑞",
        "emotion": "积极",
        "background": NaN,
        "reference": NaN
    },
    {
        "dynasty": "唐",
        "source": "《纪闻》唐代中国传奇小说集，此书所载皆开元、乾元间徵应及怪异事。",
        "author": "牛肃",
        "original_text": "此天狐也。 能与天通， 斥之则己， 杀之不可",
        "image_type": "祥瑞",
        "emotion": "积极",
        "background": NaN,
        "reference": NaN
    },
    {
        "dynasty": "唐",
        "source": "《史记索隐》运用大量的文献作校勘材料，保存了丰富的历史文献，使一些书目得以流传下来，便于后人辑佚，有功于目录学。",
        "author": "司马贞：字子正，河内（今河南沁阳）人，唐代史学家",
        "original_text": "属后宫场，故得兼子。子必九者，取尾有九星也",
        "image_type": "祥瑞",
        "emotion": "积极",
        "background": "“九尾狐”象征的是天上东方苍龙七宿中的“尾宿”。",
        "reference": NaN
    },
    {
        "dynasty": "唐",
        "source": "《礼记注疏》",
        "author": "孔颖达：唐初十八学士之一，经学家、大儒、易学家",
        "original_text": "所以正首而向丘者，丘是狐窟穴，根本之处。虽狼狈而死，意犹向此丘，是有仁恩之心也。",
        "image_type": "祥瑞",
        "emotion": "积极",
        "background": "九尾狐在后世成为祥瑞之物，与狐本身被视为“德兽”有关。狐狸虽死，而其依然正首向着自己的巢穴，这种行为在儒家看来是不忘本、显仁恩的象征之举。在此背景下具有特殊形貌的九尾狐也向“道德化”和“祥瑞化”又迈进了一步。",
        "reference": NaN
    },
    {
        "dynasty": "唐",
        "source": "《狐死正丘首赋》一篇散文。",
        "author": "白行简：字知退，行二十三，白居易弟。",
        "original_text": "其心怀土，望故处以增悲；惟首正丘，聊向隅而表恋。",
        "image_type": "祥瑞",
        "emotion": "积极",
        "background": NaN,
        "reference": NaN
    },
    {
        "dynasty": "唐",
        "source": "《拟剧秦美新》一篇散文。",
        "author": "岑文本：唐朝大臣",
        "original_text": "是以天不爱其道，地不爱其宝。 龟威浮洛，飞黄服皁。 一角九尾之瑞，朝夕垌牧；并柯共穗之祥，日月几服。超邃古之芳英，迈前王之简牍，其天意也。",
        "image_type": "祥瑞",
        "emotion": "积极",
        "background": "唐代对九尾狐的祥瑞意义的记载，主要是以诗赋的形式出现。",
        "reference": NaN
    },
    {
        "dynasty": "唐",
        "source": "《唐玄宗明皇帝哀册文》一篇散文。",
        "author": "王缙：字夏卿，王维的胞弟",
        "original_text": "“文物蔽地，英声动天，凤巢麟扰，甘露、 醴泉。九尾三春，朱草非烟。 缤纷效祉， 每岁且千。 道德洋溢，乾坤交泰。 成功如可，登封于岱。",
        "image_type": "祥瑞",
        "emotion": "积极",
        "background": NaN,
        "reference": NaN
    },
    {
        "dynasty": "唐",
        "source": "《全唐文》卷四百《西岳望幸赋》。嘉庆年间官修唐五代文章总集。该作品共一千卷，并卷首四卷，辑有唐朝、五代十国文章共18488篇（一说20025篇）、作者3042人（一说3035人），每一位作者都附有小传。",
        "author": "【清】 董诰：清代大臣、书画家",
        "original_text": "莫赤匪狐， 九尾而自扰； 莫黑匪鸟， 三趾而来驯。 ",
        "image_type": "祥瑞",
        "emotion": "积极",
        "background": "民众对菩萨、仙人的信仰是建立在善和光明基础上的，对本脱胎于妖神的九尾狐信仰则能够承载欲望、利益甚至不可告人的目的，民众以善良、符合传统道德的一面祈求神灵，某些不符合传统道德却又乐于实现的诉求转而祈求九尾狐神",
        "reference": NaN
    },
    {
        "dynasty": "唐",
        "source": "《广弘明集》卷第八《二教论——服法非第九》。这是继承、并扩大梁僧祐《弘明集》而作的书，有很高的史料价值。",
        "author": "释道宣：唐代高僧，佛教南山律宗开山之祖，又称南山律师、南山大师，世称“律祖”",
        "original_text": "加以三足九尾，赤雀绿龟，嘉瑞相寻，不时而至。兹乃大道弘仁，光盈四表，庆灵总萃，厚祚无疆。",
        "image_type": "祥瑞",
        "emotion": "积极",
        "background": NaN,
        "reference": NaN
    },
    {
        "dynasty": "唐",
        "source": "《太上宣慈助化章》一本玄幻小说",
        "author": "杜光庭：唐末五代道士，道教学者",
        "original_text": "丝千丈、马角六尺、三足乌五十头、九尾狐三，百头可来相求；不能如北者，即与某人天别地绝，千年万岁无相侵扰。",
        "image_type": "祥瑞（通灵信物）",
        "emotion": "积极",
        "background": "唐末社会动荡，战乱频繁，民间对驱邪禳灾、契约保障的需求激增。",
        "reference": NaN
    },
    {
        "dynasty": "唐",
        "source": "《广异记》一部唐代前期的中国志怪传奇小说集，原书二十卷，今存六卷。",
        "author": "戴孚",
        "original_text": "天狐王八“身长八尺余”，可以“蹑虚驾云，登天汉，见仙官”( 《传奇·姚坤》)既能加祸于人，也能益于人(《纪闻·袁嘉祚》)。\n是天狐， 力不能制， 非受赂也。",
        "image_type": "祥瑞",
        "emotion": "积极",
        "background": NaN,
        "reference": NaN
    },
    {
        "dynasty": "唐",
        "source": "《素问六气玄珠密语》卷十六《五行类应纪篇》。该书为论述五运六气之专书。",
        "author": "王冰：唐代医学家，号启玄子，又作启元子",
        "original_text": "及庶人赤熊罴出权任臣下龙马来资服,其制文狐见恩及鳏寡九尾狐见王道昌,虎有两口世主将起大臣逆害虎相食三,年大荒虎狼入国郡邑凶狼逐人夷狄来",
        "image_type": "妖化",
        "emotion": "消极",
        "background": "入唐以后，九尾狐随着谶纬祥瑞之说的没落也经历了巨变。唐朝时期随着各族经济、文化的交流、融合，多元的思想和文化交相辉映，在当时开明的政治氛围下，整个社会呈现出的开放包容、积极进取精神极大地扩展了人们的精神世界。九尾狐等祥瑞之说在唐朝变得更加弱化，在国家政治领域已不占主要地位。九尾狐所象征的国家级政治意义，随着其在政治领域的淡化而减弱。于是，九尾狐走下神坛，逐渐演变成了另一个极端。",
        "reference": NaN
    },
    {
        "dynasty": "唐",
        "source": "《素问六气玄珠密语》卷十六《五行类应纪篇》。该书为论述五运六气之专书。",
        "author": "王冰：唐代医学家，号启玄子，又作启元子",
        "original_text": "白狐来，政及远矣。独角兽见，天下太平。白象至，君倾于邑。白鹿见，君事疾。六足兽至，卦公而不乱。三目兽至，谋及庶人。赤熊罴出，权任臣下。龙马来资，服其制。文狐见，恩及鳏寡。九尾狐见，王道昌。虎有两口，世主将起，大臣逆害。虎相食，三年大荒。虎狼入国，郡邑凶。狼逐人，夷狄来摩入国被屠。",
        "image_type": "妖化",
        "emotion": "消极",
        "background": NaN,
        "reference": NaN
    },
    {
        "dynasty": "唐",
        "source": "《素问六气玄珠密语》卷十六《五行类应纪篇》。该书为论述五运六气之专书。",
        "author": "王冰：唐代医学家，号启玄子，又作启元子",
        "original_text": "众狐入室及屋，有暴亡，君以淫色亡。",
        "image_type": "妖化",
        "emotion": "消极",
        "background": NaN,
        "reference": NaN
    },
    {
        "dynasty": "唐",
        "source": "《李贺歌诗编》歌诗编第四《神弦曲》",
        "author": "李贺：中唐的浪漫主义诗人，也是中唐到晚唐诗风转变期的一个代表者",
        "original_text": "桂叶刷风桂坠子，青狸哭血寒狐死。古壁彩虬金帖尾，两工骑入秋潭水。",
        "image_type": "妖化",
        "emotion": "消极",
        "background": "狐从象征德政的瑞兽降格为阴森鬼魅，反映中唐人对秩序崩塌的集体焦虑。",
        "reference": NaN
    },
    {
        "dynasty": "唐",
        "source": "《白居易集》",
        "author": "白居易：字乐天，号香山居士，唐代现实主义诗人、唐代三大诗人之一",
        "original_text": "古塳狐，妖且老，化为妇人颜色好。头变云鬟面变妆，大尾曳作长红裳。徐徐行傍荒村路，日欲暮时人静处。或歌或舞或悲啼，翠眉不举花颜低。忽然一笑千万态，见者十人八九迷。假色迷人犹如是，真色迷人应过此。彼真此假俱迷人，人心恶假贵重真。狐假女妖害犹浅，一朝一夕迷人眼。女为狐媚害即深，日长月长溺人心。何况褒妲之色善蛊惑，能丧人家覆人国。君看为害浅深间，岂将假色同真色。",
        "image_type": "妖化",
        "emotion": "消极",
        "background": "至唐宋开始，狐便被妖化，九尾狐更是被当成盅惑人心的妖兽。相传狐狸的尾巴是用来储存灵气的地方，当狐狸吸收了足够的灵气，尾巴就会分裂为九条。唐代诗人白居易在《古冢狐》中把“能丧人家覆人国”的妲己和周幽王的妃子褒姒比作狐妖。",
        "reference": NaN
    },
    {
        "dynasty": "唐",
        "source": "《朝野佥载》记述了唐代前期朝野遗事佚闻，尤以武后一朝事迹为多。",
        "author": "张鷟：字文成，号浮休子，唐代文学家，时称青钱学士",
        "original_text": "唐初以来，百姓多事狐神，房中祭祀以乞恩，食饮与人同之，事者非一主。当时有谚曰：‘无狐魅，不成村’",
        "image_type": "妖化",
        "emotion": "消极",
        "background": "在历史的记载中，九尾狐逐渐不复最初的崇高地位，至唐代时，虽然唐人设庙参拜狐之风盛行，同时九尾天狐依旧保持着其神圣的地位，但是，这时的九尾狐已经被当做妖神了，失去了一贯的正统地位，开始向妖精的方向偏移，其祥瑞的身份被打上了一层阴影。中晚唐社会动荡（安史之乱后），民间对超自然力量的恐惧与依赖加剧，狐妖作为 “边缘他者” 成为志怪文学的重要题材。",
        "reference": NaN
    },
    {
        "dynasty": "唐",
        "source": "《宣室志》传奇小说集，此书多记神仙鬼怪狐精、佛门休咎故事，为古代神怪小说只集大成者。",
        "author": "张读：唐朝大臣，工部侍郎张荐的孙子，宰相牛僧孺外孙",
        "original_text": "行未四五里，因脂辖，忽见一狐，尾在车之隙中，垂于车辕下。村民即以镰断之，其妇乃化为无尾白狐，鸣嗥而去。",
        "image_type": "妖化",
        "emotion": "消极",
        "background": NaN,
        "reference": NaN
    },
    {
        "dynasty": "唐",
        "source": "《韩愈集》",
        "author": "韩愈：中国唐朝中期官员、文学家、思想家、哲学家、政治家、教育家",
        "original_text": "妖，谓狐狸之属，能为妖媚者也。絣，当从系，狱中以绳索急缚罪人之名也。言捕取妖狐，而以藤索缚之也。",
        "image_type": "妖化",
        "emotion": "消极",
        "background": NaN,
        "reference": NaN
    },
    {
        "dynasty": "唐",
        "source": "《为徐敬业讨武曌檄》一篇檄文。",
        "author": "骆宾王：骆临海，婺州义乌人，中国唐代官员、文学家、诗人",
        "original_text": "入门见嫉，蛾眉不肯让人；掩袖工谗，狐媚偏能惑主",
        "image_type": "妖化（妩媚）",
        "emotion": "消极",
        "background": "秦汉以后，狐往往被写成女妖女仙，人们通常所说的狐媚子、 狐狸精， 大多指女性而言。 狐者，先古之淫妇也，其名阿紫， 化而为故其怪多自称阿紫。阿紫成为女性狐魅的专用称号。 狐妖形象在秦汉以后多为女性，骆宾王《代徐敬业讨武氏檄》 指斥武则天“狐媚偏能惑主” 。",
        "reference": NaN
    },
    {
        "dynasty": "后周",
        "source": "《文馆词林》古代中国诗文总集。《 灵鸟等瑞大救诏一首》",
        "author": NaN,
        "original_text": "祖宗贻厥， 祯祥频集。 九尾一 见三足以来， 仁兽呈仪 ， 庆云表 ＇ 色。 至如苍鸟、 赤雀、 白兔、 玄狐、 嘉禾、 连理、 芝草、 甘露， 史不绝书， 充初天府。玉燭斯调， 膏雨应节。",
        "image_type": "祥瑞",
        "emotion": "积极",
        "background": "唐代对九尾狐的祥瑞意义的记载，主要是以诗赋的形式出现。",
        "reference": NaN
    },
    {
        "dynasty": "后周",
        "source": "《又灵鸟等瑞大救诏一首》",
        "author": NaN,
        "original_text": "我有周诞受天明， 于今六祀， 三荐神鸟之瑞， 再献芝草之祯，呈九尾于东郊， 获三角于南鄙， 嘉禾生于旧郊， 连理出于安定，华平茂乎禁液，甘露泫平芳菀， 其余祥见， 殆无虚月 。",
        "image_type": "祥瑞",
        "emotion": "积极",
        "background": NaN,
        "reference": NaN
    },
    {
        "dynasty": "北宋",
        "source": "《太平广记·瑞应编》",
        "author": "李昉，字明远，深州饶阳县（今河北省衡水市饶阳县）人。 北宋初年宰相、文学家、学者。奉敕主编《太平御览》1000卷，分55门，用书1600多种，搜罗浩博，保存佚文颇多。又《太平广记》500卷，分92大类，采书475种，多录佚闻琐事，神仙鬼怪，名物典故，堪称小说家之渊海。参撰《文苑英华》1000卷，辑集南朝梁末至唐代诗文，体例一如《文选》。又参与编撰《旧五代史》。",
        "original_text": "“九尾狐者，神兽也。其状赤色，四足九尾。出青丘之国。音如婴儿。食者令人不逢妖邪之气。及蛊毒之类。”",
        "image_type": "祥瑞",
        "emotion": "积极",
        "background": NaN,
        "reference": "赵静.中国古代文学中“九尾狐”形象的嬗变[J]. 南京工业职业技术学院学报, 2012, 12 (03): 16-19.\n徐瑞.中国古代九尾狐形象流变研究[D]. 导师：王小婷. 山东大学, 2020.\n许净瞳. 论古典文献中九尾狐形象之流变[J]. 中国海洋大学学报(社会科学版), 2011, (05): 124-128.\n李炳海：《从九尾狐到狐媚女妖—中国古代的狐图腾与狐意象》，学术月刊，1993年。\n蔡堂根，《九尾狐新解》，浙江大学学报（人文社会科学版），2004年。"
    },
    {
        "dynasty": "北宋",
        "source": "《太平广记·玄中记》",
        "author": "李昉，字明远，深州饶阳县（今河北省衡水市饶阳县）人。 北宋初年宰相、文学家、学者。奉敕主编《太平御览》1000卷，分55门，用书1600多种，搜罗浩博，保存佚文颇多。又《太平广记》500卷，分92大类，采书475种，多录佚闻琐事，神仙鬼怪，名物典故，堪称小说家之渊海。参撰《文苑英华》1001卷，辑集南朝梁末至唐代诗文，体例一如《文选》。又参与编撰《旧五代史》。",
        "original_text": "“狐五十岁，能变化为妇人。百岁为美女，为神巫，或为丈夫与女人交接，能知千里外事。善蛊魅。使人迷惑失智。千岁即与天通，为天狐。”",
        "image_type": "祥瑞",
        "emotion": "中性",
        "background": NaN,
        "reference": NaN
    },
    {
        "dynasty": "北宋",
        "source": "《太平广记·朝野佥载》",
        "author": "李昉，字明远，深州饶阳县（今河北省衡水市饶阳县）人。 北宋初年宰相、文学家、学者。奉敕主编《太平御览》1000卷，分55门，用书1600多种，搜罗浩博，保存佚文颇多。又《太平广记》500卷，分92大类，采书475种，多录佚闻琐事，神仙鬼怪，名物典故，堪称小说家之渊海。参撰《文苑英华》1002卷，辑集南朝梁末至唐代诗文，体例一如《文选》。又参与编撰《旧五代史》。",
        "original_text": "唐初已来，百姓多事狐神。房中祭祀以乞恩。食饮与人同之。事者非一主。当时有谚曰：“无狐魅，不成村。”",
        "image_type": "妖化",
        "emotion": "消极",
        "background": "唐朝瑞狐文化十分发达，百姓供奉狐神，对狐狸的信仰要比九尾狐深得多。再加上九尾狐在骨肉销尽后的一段时间内较少出现，统治者们更愿意通过狐狸这一百姓都认可的动物表明自己统治的正统性。久而久之，九尾狐渐渐被人遗忘。",
        "reference": NaN
    },
    {
        "dynasty": "北宋",
        "source": "《太平广记·酉阳杂俎》",
        "author": "李昉，字明远，深州饶阳县（今河北省衡水市饶阳县）人。 北宋初年宰相、文学家、学者。奉敕主编《太平御览》1000卷，分55门，用书1600多种，搜罗浩博，保存佚文颇多。又《太平广记》500卷，分92大类，采书475种，多录佚闻琐事，神仙鬼怪，名物典故，堪称小说家之渊海。参撰《文苑英华》1003卷，辑集南朝梁末至唐代诗文，体例一如《文选》。又参与编撰《旧五代史》。",
        "original_text": "刘元鼎:旧说，野狐名紫狐，夜击尾火出，将为怪，必戴髑髅拜北斗，髑髅不坠，则化为人矣。刘元鼎为蔡州，蔡州新破，食场狐暴。刘遣吏主“主”原作“生”，据明钞本改。捕，日于球场纵犬，逐之为乐。经年所杀百数。后获一疥狐。纵五六犬，皆不敢逐，狐亦不走。刘大异之。令访大将家猎狗及监军亦自夸夸原作跨。据明钞本改。巨犬至，皆弭环守之。狐良久缓迹，直上设厅，穿台盘，出厅后，及城墙，俄失所在。刘自是不复命捕。道术中有天狐别行法，言天狐九尾，金色，役于日月宫，有符有醮日，可以洞达阴阳。",
        "image_type": "祥瑞",
        "emotion": "消极",
        "background": "九尾狐在宋代有一个明显的特点， 作者会在“九尾”和“狐” 中间加“妖” 或者“野” 字。\n",
        "reference": NaN
    },
    {
        "dynasty": "北宋",
        "source": "《太平御览·帝王世纪》",
        "author": "李昉，字明远，深州饶阳县（今河北省衡水市饶阳县）人。 北宋初年宰相、文学家、学者。奉敕主编《太平御览》1000卷，分55门，用书1600多种，搜罗浩博，保存佚文颇多。又《太平广记》500卷，分92大类，采书475种，多录佚闻琐事，神仙鬼怪，名物典故，堪称小说家之渊海。参撰《文苑英华》1004卷，辑集南朝梁末至唐代诗文，体例一如《文选》。又参与编撰《旧五代史》。",
        "original_text": "“禹始纳涂山氏女，曰女娲，合婚于台桑，有白狐九尾之瑞，到至是为攸女。故《连山易》曰：“禹娶涂山之子，名曰攸女，生启是也。”",
        "image_type": "祥瑞",
        "emotion": "积极",
        "background": NaN,
        "reference": "尹荣方，《“九尾狐”与“禹娶涂山女”传说蕴意考》，文化遗产，2017年。"
    },
    {
        "dynasty": "北宋",
        "source": "《皇朝编年纲目备要》",
        "author": "陈均，南宋兴化军莆田（今属福建）人，字平甫，号纯斋、云岩。曾为太学生。为参知政事郑性之推重，资助其著述。博览群书，删繁撮要，以纲目休著《皇朝编年举要备要》、《中兴编年举要备要》，起宋太祖，迄孝宗。",
        "original_text": "“陈彭年薨，临其丧。注：涕泗良久，时为参知政事，彭年敏给强记，好仪制刑名之学，素奸陶，号‘九尾狐’。张齐贤在相位，彭年尝求为理寺详断官，一见，辄不可，曰：‘此人在朝，必乱国政。’或疑齐贤过甚，后乃服，其知人。”",
        "image_type": "妖化",
        "emotion": "消极",
        "background": "九尾狐和陈彭年的关系十分密切，宋朝记载陈彭年的故事较多。奸臣陈彭年，性格奸猾，特别会哄骗皇上，以“九尾野狐”名号冠之，这和狐狸本身的特性有关系。《尔雅翼》认为狐狸奸诈，和陈彭年的性格特别像，所以在宋朝的文献中，只要提到陈彭年，必说九尾妖狐，从祥瑞之兆到奸臣的外号，不可谓变化不大。",
        "reference": NaN
    },
    {
        "dynasty": "北宋",
        "source": "《新雕皇朝类苑》",
        "author": "江少虞，字虞仲， 常山 (今属浙江)人。政和进土，历知建、饶、吉三洲。南渡后，其见有关北宋钥野事迹，散见诸家稗乘、野生、笔记中，不便查考，遂采辑群书诸家六十余种，于绍兴十五年(1145)类编成书。",
        "original_text": "“新太守将至，营妓陈狀，以年老乞出籍从良，公即判曰：‘五日京兆，判状不难；九尾野狐，从良任便。’有周生者，色艺为一郡之最，闻之，亦陈状乞嫁。公惜其去，判云：‘慕周南之化，此意诚可嘉，空冀北之群，所请宜不允。其敏捷善謔如此。”",
        "image_type": "妖化",
        "emotion": "消极",
        "background": NaN,
        "reference": NaN
    },
    {
        "dynasty": "北宋",
        "source": "《侯鲭录》《侯鲭录》是宋代赵令畤（1061—1134）所著的一部文言轶事小说，现存八卷。该书以记载文人轶事、诗词评论、名物考据为主，具有较高的文学和史料价值。",
        "author": "赵令畤，字德麟，号聊复翁，宋太祖次子燕王赵德昭的后裔。他与苏轼交好，曾共同治理颍州西湖，后因苏轼党争牵连被罚。南宋初年袭封安定郡王。其词作虽受苏轼影响，但风格稍逊，唯《商调蝶恋花》鼓子词（咏崔莺莺故事）对后世戏曲影响深远",
        "original_text": "“钱唐一官妓，性善媚惑人，号曰九尾野狐。”",
        "image_type": "妖化",
        "emotion": "消极",
        "background": NaN,
        "reference": NaN
    },
    {
        "dynasty": "南宋",
        "source": "《习学记言》",
        "author": "叶适，撰写的对先秦各学派的评论之作，属于子部杂家类。",
        "original_text": "“九尾妖狐也，示亡之征，焉不知忧惧而犹欲求。不受瑞之名，其实以为瑞，无大于此者尔。五品时叙，四海和平，家识孝慈，人知礼让，其君臣但模仿十数板，周官便自谓己能如此，是真可笑也。余论周武帝若史所言，布德立行，皆欲踰越古人，正孟子謂（齐王将以求吾所大欲也’，然孟子谓‘齐王以若所为’，不可以求，若所欲使其见周武帝所为，必谓可以求若所欲矣。汤武既有截法，而王道愈不可行于后世，此开利门之大者，而学者乃以为能闭之何也。”",
        "image_type": "妖化",
        "emotion": "消极",
        "background": "宋代九尾狐最大的特点就是妖邪化，九尾狐明确和妓女形象有密切的联系，以九尾野狐的外号指称妓女。宋代的娱乐生活丰富，各种青楼数量繁多，妓女风情万种，当时的理学家们反对文人沉浸于这种奢靡的生活，认为对人百害，而九尾狐在前代即有指代妲己的说法，用九尾狐指代漂亮却魅惑的女子也是自然而然的一种情况。",
        "reference": NaN
    },
    {
        "dynasty": "南宋",
        "source": "《剑南诗稿》是南宋陆游创作的诗词集，共八十五卷。该书收录诗词九千三百四十四首，作者生当金兵入侵之时，中年到过南郑前线，所以抗金与收复失地是诗集中的主旋律。为纪念在川、陕的军旅生活，作者把该诗集命名为《剑南诗稿》。",
        "author": "陆游，字务观，号放翁。汉族，越州山阴（今浙江绍兴）人。南宋诗人。少时受家庭爱国思想熏陶，高宗时应礼部试，为秦桧所黜。孝宗时赐进士出身。中年入蜀，投身军旅生活，官至宝章阁待制。晚年退居家乡，但收复中原信念始终不渝。",
        "original_text": "“妖狐九尾穴中国，共置不问如越秦。”",
        "image_type": "妖化",
        "emotion": "消极",
        "background": NaN,
        "reference": NaN
    },
    {
        "dynasty": "南宋",
        "source": "《双溪集》",
        "author": "苏籀，南宋苏籀(所居婺州有双溪)作,其子苏诩辑,于淳熙间刻于筠州。十五卷。凡诗五卷,文十卷。原刊已佚。今存明抄本残卷,另有《四库全书》本、《粤雅堂丛书初编》本、《丛书集成初编》本。",
        "original_text": "“推明能隼骨专車，按地谈天河洛图。汉魏晋唐皆贯澈，典坟今昔不荒芜。君家庭户闻风旨，吾事分毫等博屠。岂待曲终思雅颂，直缘背养遇麻姑。预求补益三年艾，深识妖邪九尾狐。博物伟然窥子产，济时岂必愧夷吾。”",
        "image_type": "妖化",
        "emotion": "消极",
        "background": NaN,
        "reference": NaN
    },
    {
        "dynasty": "南宋",
        "source": "《尔雅翼》",
        "author": "罗愿，字端良，徽州歙县人。此书作成于南宋孝宗淳熙元年（1174年）度宗咸淳六年（1270年）王应麟守徽州时，得方回访得的罗从曾孙的家藏本刻于郡斋。",
        "original_text": "“狐，妖兽，鬼所乘也，其状锐口而大尾，说者以为先古淫妇所化（注：其名曰紫，其怪多自称阿紫）。善为魅惑人，故称狐媚，闻为媚者，以小口器盛肉，置之狐所常处，狐见肉欲之，爪不能入，徘徊不舍，涎皆入器中，取以为媚药，盖妖祥之禽，故古有以篝火狐鸣以惑众者。狐之色赤，《诗》曰：‘莫赤匪狐，莫黑匪鸟。’言其上下并为威虐，莫适择也。今狐所在，鸟辄群而噪之，盖皆妖祥之禽，人之所去也，又师旷以为东方有鸟，文身朱足，憎鸟而爱狐，然则狐可好鸟可恶，今并为威虐，则莫适求爱憎之正矣。狐既淫媚之物，故诗人以比齐襄公求妃偶于南山之上，绥绥然，其行人皆恶之。诗人之义，万物以显其人，雄狐者，君之象也。春秋，秦穆公伐晋，筮之吉，曰：‘获其雄狐。’释者曰：夫狐盍，必其君也。’既而获晋惠公。诗人但言齐子之归，而说者知其为齐襄公而来，盖亦以此。狐性善疑，方河冰合時， 狐听冰下水无声乃行，人每则之，皆须狐已行乃度。《易·未济》称小狐汔济孺其尾，盖狐小尾大则有未济之象， 以之为戒，亦狐是执心不定者，故《春秋外传》曰：‘狐埋之而狐搰之。’是以无成功，既自埋藏又自搰，发皆执心不定之貌，又汉敦煌郡杜林以为古瓜州， 颜师古曰：‘即《春秋传》允姓之戎居于瓜州者也。’其地今犹出大长者，狐入瓜中食之，首尾不出。《说文》云：‘狐有三徳，其色中和，小前大后，死则丘首。’《管子》云：‘代出狐白之皮。’狐白应阴阳之变，六月而一见，‘九尾狐，文王得之，东夷归焉。’",
        "image_type": "妖化",
        "emotion": "消极",
        "background": "《尔雅翼》对狐狸的祥瑞意义嗤之以鼻， 影响到九尾狐在国家统治中的作用。《尔雅翼》认为“狐既淫媚之物， 故诗人以比齐襄公求妃偶于南山之上，绥绥然，其行人皆恶”？，狐狸在齐襄公婚配中所扮演的角色已经完全淫荡化，九尾狐也曾经在大禹的婚配中也起到作用，所以用九尾狐形容淫荡的女子也就不足为奇了。",
        "reference": NaN
    },
    {
        "dynasty": "南宋",
        "source": "《诗集传》",
        "author": "朱熹，字元晦，一字仲晦，号晦庵、晦翁、考亭先生、云谷老人，江南东路徽州府婺源县（今江西省婺源）人，曾官至宝文阁待制，封婺源开国男。",
        "original_text": "“狐，兽名，似犬黄赤色，不祥之物，人所恶见者也，所见无非此物，国将危乱可知”。",
        "image_type": "妖化",
        "emotion": "消极",
        "background": "此说法沿袭了妲己祸国殃民的看法，本来帝辛是一个治国有方的皇帝，因为九尾狐妲己的出现，导致整个王朝的覆灭，这和九尾狐国家强盛的意义大相径庭。朱熹作为宋朝有性代表性的儒学家， 他的思想对人们的影响甚大，虽然不能从根本上禁止百姓的狐信仰，但是对于狐狸的形象转变有着极大的推动作用。",
        "reference": NaN
    },
    {
        "dynasty": "南宋",
        "source": "《宋九朝编年备要》是南宋史学家陈均编纂的一部编年体史书，主要记载北宋太祖至钦宗九朝（960—1126）共168年的历史。该书原名《皇朝编年举要备要》，后改称《皇朝编年纲目备要》，简称《陈均编年》或《宋九朝编年备要》",
        "author": "陈均（字平甫，号云岩），南宋莆田人，曾为太学生，受参知政事郑性之资助完成此书。端平初年（1234），朝廷因其书有益史学，赐迪功郎",
        "original_text": "“陈彭年薨，临其丧。注：涕泗良久，时为参知政事，彭年敏给记，好仪制刑名之学，素奸陶，号九尾狐。”",
        "image_type": "妖化（比喻奸臣）",
        "emotion": "消极",
        "background": NaN,
        "reference": NaN
    },
    {
        "dynasty": "元朝",
        "source": "《铁崖先生古乐府》",
        "author": "杨维桢",
        "original_text": "“复有老狐九尾而九头，扇妖作怪呼匹俦。”",
        "image_type": "妖化",
        "emotion": "消极",
        "background": NaN,
        "reference": NaN
    },
    {
        "dynasty": "元朝",
        "source": "《玉笥集》",
        "author": "张宪",
        "original_text": "“十步回头九媚人，舌尖若血喷红雨，逼剥有声微扣齿，彩衣凌乱野花枝，顿地神狐拖九尾。”",
        "image_type": "妖化",
        "emotion": "消极",
        "background": NaN,
        "reference": NaN
    },
    {
        "dynasty": "元朝",
        "source": "《宋史·五行志》",
        "author": "脱脱",
        "original_text": "“宣和七年秋，有狐由艮岳直入禁中，据御榻而坐，诏毁狐王庙。”",
        "image_type": "转折",
        "emotion": "消极",
        "background": "狐狸以前是民间信仰，这是狐狸历史上最大的一个转折点，标志着狐狸正统地位受到了严重威胁，人们不再信仰狐狸。 ",
        "reference": NaN
    },
    {
        "dynasty": "明朝",
        "source": "《西游记》是中国古代四大名著之一，是一部浪漫主义长篇神魔小说。成书于明代，以唐玄奘西天取经的真实历史事件为背景，结合民间传说和戏曲话本创作而成。",
        "author": "吴承恩：约1500-1582，字汝忠，号射阳山人，明代著名小说家，祖籍安徽桐城，后迁居江苏淮安。他出身于一个由学官沦落为商人的家庭，自幼聪慧过人，博览群书，尤其喜爱神话志怪小说。  ",
        "original_text": "1.雪鬓蓬松，星光晃亮。脸皮红润皱文多，牙齿稀疏神气壮。貌似花残霜里色，形如松老雨馀颜。头缠白练攒丝帕，耳坠黄金嵌宝环。2.被行者掣出棒，著头一磨：一个搪著的，打得稀烂；一个擦著的，不死还哼。那老怪听得人哼，轿子里伸出头来看时，被行者跳到轿前，劈头一棍，打了个窟窿，脑浆迸流，鲜血直冒。拖出轿来看处，原是个九尾狐狸。",
        "image_type": "妖化",
        "emotion": "消极",
        "background": "《西游记》中的九尾狐形象是明代多元文化碰撞的产物：既保留了上古祥瑞的残影，又受佛道博弈、理学伦理和世俗文学的影响，最终成为兼具神话色彩与社会隐喻的复杂符号。其“衰老”“母性”“依附性”等特质，不仅是对传统狐妖形象的颠覆，更是对明代社会权力结构、宗教矛盾及女性地位的真实映射。                                                   明代吴承恩创作时，九尾狐的负面形象已根深蒂固，如《封神演义》将妲己与九尾狐结合，强化其“祸国”标签。《西游记》虽未直接沿用妲己的设定，但通过九尾狐与金角、银角的母子关系，暗含对“妖邪依附权力”的批判。\n明代民间盛行狐仙崇拜，但官方意识形态对此持矛盾态度。《西游记》将九尾狐纳入神魔体系，既吸收民间传说（如狐妖家族），又通过孙悟空“除妖”情节传递官方对“淫祀”的否定。\n明代程朱理学强调“三纲五常”，女性常被限制于家庭角色。九尾狐虽为妖，却以“母亲”身份出现，其权威完全依赖儿子金角、银角的势力，体现了女性在男权社会中的依附性。她的死亡也暗示了脱离男性庇护后的脆弱性。与《聊斋志异》等作品不同，《西游记》刻意剥离九尾狐的魅惑特质，转而突出其世俗化特征。这可能是对明代社会“禁欲”伦理的呼应，避免过度渲染女性魅力引发道德争议。\n九尾狐持有太上老君的“幌金绳”（实为老君腰带），暗示其与道教的隐秘联系。这一设定可能暗讽明代道教内部权力腐败，如嘉靖帝沉迷炼丹、道士干预朝政的社会现实。金角、银角作为老君童子却认妖为母，亦是对道教“清修”理想的解构。明代佛教仍占据主流地位，九尾狐的弱势结局（被孙悟空秒杀）或隐射佛教对“异端”的压制。吴承恩通过九尾狐的死亡，强化了“正邪对立”的宗教叙事，符合明代儒释道三教合流背景下对“正统”的维护。\n",
        "reference": "[1]彭艳君.晚清狭邪小说中女性意识研究[D].延边大学,2021.DOI:10.27439/d.cnki.gybdu.2021.000908.\n[1]徐瑞.中国古代九尾狐形象流变研究[D].山东大学,2020.DOI:10.27272/d.cnki.gshdu.2020.002536.\n[1]肖榕桔.《九尾狐》研究[D].四川师范大学,2017.\n[1]刘玉伟.清代小说中的戏曲材料研究[D].上海大学,2017.\n李嘉敏. 中日两国古典文献中九尾狐形象的变迁[J]. 小小说月刊,2024(7):1-3."
    },
    {
        "dynasty": "明朝",
        "source": "《金瓶梅》，中国明代长篇白话虚构世情小说，一般认为是中国第一部文人独立创作的章回体长篇小说。其成书时间大约在明代隆庆至万历年间。",
        "author": "兰陵笑笑生：作为中国文学史上第一位独立创作长篇白话小说的作家，兰陵笑笑生在小说创作上达到了前所未有的高度，他所创作的《金瓶梅》以市井人物与世俗风情为描写中心，开启了文人直接取材于现实社会生活而创作长篇小说的先河。",
        "original_text": "娘当下羞赧而退，回到后边，向玉楼众人说道：“如今这屋里乱世为王，九尾狐狸精出世。不知听信了甚么人言语，平白把小厮弄出去了。",
        "image_type": "妖化",
        "emotion": "消极",
        "background": "随着儒家思想的兴起和普及，人们对祥瑞之兽的崇拜逐渐减弱，转而更加重视道德伦理。在这种背景下，九尾狐原有的祥瑞形象逐渐失去吸引力，其能够变化人形、迷惑人心的特性，恰好符合人们对女性魅力和危险性的想象，因此被赋予更多负面含义",
        "reference": NaN
    },
    {
        "dynasty": "明朝",
        "source": "《封神演义》是明朝许仲琳编辑的百回神魔长篇小说，俗名《封神榜》，别名《封神传》《商周列国全传》《武王伐纣外史》等，约成书于隆庆或万历年间。《子牙发柬擒妲》",
        "author": "许仲琳：许仲琳，亦作陈仲琳，号钟山逸叟。应天府（今江苏南京人）。许仲琳大致活动于明嘉靖、隆庆、万历年间，善作小说。所作《封神演义》约成书于隆庆、万历年间。记武王伐纣故事，成书以来流传甚广，家喻户晓。",
        "original_text": "杨戬领令去了。子牙又令：“雷震子领柬帖，你去把九尾狐狸精拿来。",
        "image_type": "妖化",
        "emotion": "消极",
        "background": "符瑞、符命说是在天人感应的基础上提出的一种唯心主义天命观。它认为帝王和国家的兴衰是同某种祥瑞事物的出没联系在一起的",
        "reference": NaN
    },
    {
        "dynasty": "明朝",
        "source": "《子牙发柬擒妲》",
        "author": "许仲琳：许仲琳，亦作陈仲琳，号钟山逸叟。应天府（今江苏南京人）。许仲琳大致活动于明嘉靖、隆庆、万历年间，善作小说。所作《封神演义》约成书于隆庆、万历年间。记武王伐纣故事，成书以来流传甚广，家喻户晓。",
        "original_text": "雷震子黄金棍打来，早有九尾狐狸精双刀架住。韦护降魔杵打来，玉石琵琶精用绣鸾刀敌住。",
        "image_type": "妖化",
        "emotion": "消极",
        "background": "在明代《封神演义》中，九尾狐是邪恶的化身。它是轩辕坟三妖之一的大姐，受女娲娘娘之命，借苏护献女苏妲己入宫途中将其害死并附其身，侍奉商纣王，祸乱朝纲。",
        "reference": NaN
    },
    {
        "dynasty": "明朝",
        "source": "《摘星楼纣王自焚》",
        "author": "许仲琳：许仲琳，亦作陈仲琳，号钟山逸叟。应天府（今江苏南京人）。许仲琳大致活动于明嘉靖、隆庆、万历年间，善作小说。所作《封神演义》约成书于隆庆、万历年间。记武王伐纣故事，成书以来流传甚广，家喻户晓。",
        "original_text": "雷震子解九尾狐狸精，韦护解玉石琵琶精同至帐下。三妖跪于帐前。",
        "image_type": "妖化",
        "emotion": "消极",
        "background": NaN,
        "reference": NaN
    },
    {
        "dynasty": "明朝",
        "source": "《摘星楼纣王自焚》",
        "author": "许仲琳：许仲琳，亦作陈仲琳，号钟山逸叟。应天府（今江苏南京人）。许仲琳大致活动于明嘉靖、隆庆、万历年间，善作小说。所作《封神演义》约成书于隆庆、万历年间。记武王伐纣故事，成书以来流传甚广，家喻户晓。",
        "original_text": "子牙笑曰：“你说你是苏候之女，将此一番巧言，迷惑众听，众诸侯岂知你是九尾狐狸在恩州驿迷死苏妲己，借窍成形，惑乱天子？其无端毒恶，皆是你造业。",
        "image_type": "妖化",
        "emotion": "消极",
        "background": "九尾狐与九头雉鸡精和玉石琵琶精去劫周营，被姜子牙带领众人击退，最后在女娲娘娘的帮助下被韦护抓回周营，被姜子牙用斩仙飞刀斩下首级。",
        "reference": NaN
    },
    {
        "dynasty": "明朝",
        "source": "《郁离子》 郁，有文采的样子；离，八卦之一，代表火；郁离，就是文明的意思。其谓“天下后世若用斯言，必可抵文明之治”。为刘基为天下后世“立言”的不朽名著，同时也反映了哲学思想。",
        "author": "\n刘基（1311年7月1日－1375年4月16日）字伯温，谥曰文成，汉族，青田县南田乡（今属浙江省文成县）人，故时人称他刘青田，明洪武三年（1370）封诚意伯，人们又称他刘诚意",
        "original_text": "青邱之山，九尾之狐居焉。将作妖，求髑髅而戴之，以拜北斗，而徼福于上帝。遂往造共之台，以临九邱。九邱十薮之狐毕集，登羽山而人舞焉。有老狈见而谓之曰：“若之所戴者死人之髑髅也。人死肉腐而为泥，枯骨存焉，是为髑髅。髑髅之无知，与瓦砾无异，而其腥秽，瓦砾之所不有，不可戴也。吾闻鬼神好馨香而悦明德，腥臊秽恶不可闻也，而况敢以渎上帝。帝怒不可犯也，弗悔，若必受烈祸。”行未至阏伯之墟，猎人邀而伐之，攒弩以射其戴髑髅者。九尾之狐死，聚群狐而焚之，沮三百仞，三年而臰乃熄",
        "image_type": "妖化",
        "emotion": "消极",
        "background": "九尾狐在清代文学中逐渐与妓女形象绑定（如《九尾狐》中胡宝玉的绰号），反映了民间对“狐媚”与道德沦丧的关联想象。书名呼应《九尾龟》，延续了谴责小说的传统，但聚焦娼妓群体，批判其“贪财好淫”的形象，并借此暴露官僚、富商等阶层的丑态",
        "reference": NaN
    },
    {
        "dynasty": "清代",
        "source": "《康熙字典》《十八》康熙年间社会经济发展、文化繁荣，且南北差异大、方言多，为规范文字、统一读音，康熙皇帝下诏编撰字典，以彰显文治。",
        "author": "由张玉书、陈廷敬任总阅官，集合三十多位翰林学士合力完成。",
        "original_text": "。《山海经》靑丘山有鸟如鸠，其音若呵，名曰灌灌。又《騈雅》灌灌，九尾狐。又与祼通。",
        "image_type": "妖化",
        "emotion": "消极",
        "background": "这一描述保留了九尾狐早期作为瑞兽与凶兽的双重形象，反映了编纂者对古籍的忠实采纳。《康熙字典》对九尾狐的记载，本质上是清代官方对古代神话的整理与再诠释。其创作背景融合了文献考据、政治避讳与文化象征的多重维度：\n\n文献层面：忠实收录《山海经》等经典，保留原始形象；\n\n政治层面：通过避讳制度体现皇权对文化的控制；\n\n文化层面：在瑞兽与妖异的张力中，折射出清代对传统价值的维护与调和。",
        "reference": NaN
    },
    {
        "dynasty": "清代",
        "source": "《康熙字典》《五》",
        "author": "由张玉书、陈廷敬任总阅官，集合三十多位翰林学士合力完成。\"太康文学三大家\"",
        "original_text": "《山海经》昆吾之山有兽焉，其状如彘而有角，其音如号，名曰蠪蚳。《注》蠪蚳，似九尾狐。",
        "image_type": "妖化",
        "emotion": "消极",
        "background": NaN,
        "reference": NaN
    }
]